breakpointID	unique_samples
8:69640613-19:16101589	2
18:50002040-17:50184442	2
6:106970265-2:188981538	2
6:73524875-20:36891704	2
2:88944680-2:177216033	2
9:120659374-9:120572041	2
7:103099569-2:19354430	2
8:98026188-12:49763623	2
15:75890483-15:75913203	2
12:76074203-12:76012759	2
2:88882339-19:2273009	2
7:102665693-7:102541664	2
3:105425778-7:5527613	2
15:43568463-15:43640496	2
15:76266903-7:94430622	2
17:47619322-8:99892052	2
5:44808642-5:44504472	2
10:19989765-17:50184442	2
1:31930339-7:94430988	2
14:94116734-16:89560940	2
3:164960375-3:165002959	2
10:13156707-10:13121498	2
5:21505496-5:21965641	2
2:199556668-2:199460532	2
7:2566602-17:39715286	2
3:1002968-3:1147927	2
2:61514062-6:106974754	2
13:24017701-13:24249477	2
19:9694779-19:9653881	2
1:85496166-1:85361500	2
4:1933671-3:10152768	2
5:44815550-7:5973130	2
20:58911210-8:37698434	2
16:58588944-7:5527615	2
3:33036859-14:105743071	2
1:35604031-5:151664149	2
7:116955153-7:116916060	2
5:146113339-2:215411943	2
5:140809572-5:141009627	2
1:161723621-1:161751655	2
17:50184821-8:133515275	2
X:78007342-2:190969514	2
10:73712545-10:49973801	2
X:102605617-X:102713781	2
1:8026158-1:8113567	2
2:189011801-21:25889989	2
14:105798890-19:18280040	2
10:50153208-10:50021466	2
3:195729742-3:197664703	2
7:140178226-11:121988576	2
17:39713269-14:34435304	2
22:23971621-22:23926497	2
10:120319658-10:120503818	2
6:73492809-20:45410335	2
13:98401412-6:73493391	2
9:100442356-9:100498765	2
14:50153609-7:94430430	2
22:24369320-22:24440583	2
8:143592715-12:91169897	2
17:1383032-4:75645006	2
2:88857176-8:125064408	2
8:449992-7:55796031	2
11:66617059-11:66646124	2
1:226872216-14:105743071	2
X:12977162-5:151663329	2
6:108561829-6:104744610	2
16:78336216-11:78142733	2
19:22317144-19:53383314	2
3:4983848-6:151806567	2
10:71846430-12:123597472	2
7:94431047-12:5968119	2
9:42972626-6:110858924	2
12:54835627-17:39986573	2
1:85577984-1:85351579	2
15:72213080-5:179722932	2
11:84923419-7:94430478	2
7:110365216-7:109841570	2
15:98959976-2:185744964	2
2:197489730-12:52902072	2
14:105624351-9:121747850	2
8:100944006-6:7583702	2
7:98888537-3:10153278	2
1:35178888-17:50185352	2
20:17601273-19:48965491	2
6:73505182-15:65577711	2
13:45337178-7:74657667	2
9:125778103-22:35617265	2
15:69455542-19:53775930	2
5:83549011-10:71817386	2
X:2714453-X:2714421	2
4:39549367-5:150407835	2
11:3696685-6:106974754	2
1:113618531-17:39727853	2
9:133205917-9:135550633	2
17:10317867-2:96375494	2
14:105771547-20:34077059	2
17:48590125-17:48600447	2
6:73511779-15:63071209	2
2:11820514-2:55416942	2
16:78726461-8:11843820	2
10:59906122-10:60042756	2
2:189011807-14:102127561	2
2:160195369-2:160258046	2
2:215371611-10:32009435	2
17:30610942-17:32047761	2
22:45240170-14:105743073	2
2:88857293-12:15195695	2
8:118764384-8:119089680	2
2:213266906-2:213297262	2
7:99630029-7:99669095	2
12:71873003-12:71782031	2
2:89111866-5:138555796	2
2:216676447-11:65828669	2
7:140178226-11:122457278	2
12:124419957-12:124913774	2
19:57815989-19:57856107	2
11:62478758-14:102084988	2
1:26239838-1:26201354	2
5:10461359-5:10481874	2
8:17544147-19:41871560	2
8:67092675-6:42888389	2
17:81843124-5:150447735	2
19:13837806-14:22834850	2
X:153509048-21:26062262	2
22:11827658-2:200650974	2
20:526696-12:52898899	2
X:12975168-7:94429108	2
7:26212583-15:40539872	2
6:158560833-7:5527615	2
12:52939728-14:96565894	2
7:80879207-14:102081622	2
8:120182740-17:50184873	2
10:79723915-10:87508336	2
3:105569083-7:5527499	2
5:55940137-12:54889914	2
22:41332227-22:27515417	2
17:38850099-2:216505014	2
1:173941265-1:173914919	2
13:37874401-12:69353661	2
15:40374886-3:10152768	2
3:23217312-3:29434743	2
12:52917716-12:49763055	2
11:130082194-12:54854562	2
X:153509056-2:88998240	2
7:99377647-7:94430479	2
6:75134577-22:32862762	2
15:69452995-19:53775584	2
X:102605569-X:102713781	2
X:2739039-7:5527498	2
X:102605631-X:102713781	2
1:85496169-1:85358814	2
9:92108740-9:92210889	2
20:51728632-7:94430623	2
X:70199685-X:70153870	2
11:82099974-11:81252969	2
12:6348727-12:6342025	2
8:60743097-8:61376605	2
18:15167149-2:90362805	2
2:89130581-22:36266785	2
10:13156718-10:13121498	2
2:130156524-2:131529181	2
8:435707-7:55796080	2
8:101577519-8:101293245	2
2:88857294-4:168668156	2
7:99326305-14:105743075	2
11:69645079-22:22900976	2
3:111394821-3:111259319	2
22:40350266-6:106971834	2
1:22074219-12:52902072	2
16:30193356-16:30288666	2
2:89085180-17:31148280	2
2:88857233-1:27409856	2
18:51196567-18:50868503	2
15:44906345-15:44961523	2
2:88857238-1:234397234	2
17:15503106-17:15440273	2
17:2653951-6:106974754	2
5:62306536-5:62530709	2
10:49885203-10:46798029	2
10:71817396-17:39701660	2
14:106084488-3:37366475	2
8:144510903-8:144519701	2
8:97726926-6:73514820	2
2:88857240-6:151666694	2
14:105677884-19:11450413	2
X:102605644-X:102713781	2
16:70662237-16:70659618	2
12:14881957-16:2771929	2
19:48965479-1:151065693	2
10:37346831-13:40982280	2
7:6002453-7:102567083	2
4:82880223-12:54854563	2
8:20225406-17:39715286	2
14:49583587-7:5560297	2
3:195953033-3:197651337	2
17:64467646-17:64488809	2
6:151678701-17:75779725	2
18:15171410-2:90367066	2
9:42972627-6:110858924	2
5:140648980-17:39715286	2
12:52917277-12:53665428	2
6:73491400-20:63521724	2
8:11864697-1:203181285	2
8:70402163-8:70596321	2
16:80601863-16:80528786	2
6:106970269-10:19844581	2
X:153509046-16:78355234	2
20:45895668-6:73499451	2
21:26046429-7:5527615	2
5:55990279-7:94430472	2
14:37725002-11:88359012	2
17:15503098-17:15488334	2
8:103400465-8:103325138	2
14:105352672-14:105743073	2
17:75925457-14:105743073	2
19:45470942-14:105743073	2
11:71523121-11:71539722	2
X:102605654-X:102713800	2
19:10368103-19:10368111	2
1:247894340-1:247921058	2
11:61966210-7:88277795	2
7:5561396-6:106971834	2
14:105624352-14:102138521	2
4:173168961-4:172931161	2
2:206881891-2:206949617	2
7:65525629-1:144630862	2
11:65854833-3:46465624	2
6:73491401-7:94430479	2
X:102605653-X:102713782	2
18:15167479-2:90363134	2
5:40829671-5:55940138	2
17:39730291-17:39738024	2
3:43707771-17:39715286	2
6:106970267-2:88993392	2
19:13778756-2:88857683	2
19:55403284-20:62387321	2
14:102122946-14:77507609	2
12:70297879-17:39715286	2
3:148860187-12:113183802	2
4:70234561-2:88857683	2
17:81521085-11:8687390	2
12:6580582-6:106974754	2
7:43665658-9:89821251	2
9:399259-9:33951	2
11:34574466-11:34642628	2
12:14882116-1:203811515	2
11:126343417-11:126406096	2
10:102398145-14:105743074	2
5:151662440-7:16821710	2
4:39549367-19:53770426	2
1:182384195-12:124916025	2
2:86612159-2:86542312	2
17:67339287-6:73493570	2
1:30762325-14:105743073	2
2:38354067-6:106971834	2
2:88857176-4:94979218	2
2:89099864-1:156365167	2
1:184792001-14:75119287	2
17:82266983-22:28797205	2
7:92036318-2:188974469	2
11:113696836-11:113595121	2
14:102080713-11:8683202	2
2:38406612-2:38343512	2
7:65525629-18:15184236	2
14:105869747-20:44908175	2
19:54212088-22:28794787	2
16:18875494-6:73523326	2
3:170089016-6:73502747	2
10:12227515-7:5527615	2
14:73927228-17:39715286	2
16:8811713-16:8764069	2
19:49342438-19:49311411	2
2:97245640-2:97284044	2
2:88857177-1:170681486	2
X:15607137-19:49201964	2
2:88857233-22:38485969	2
5:151684610-1:228098261	2
X:153509046-17:41526397	2
19:1602037-17:39715286	2
3:47600992-12:6538100	2
12:106276415-6:106971834	2
19:15981334-19:15583580	2
1:1250200-8:145055598	2
22:28794523-3:197950936	2
2:158734728-2:158502652	2
22:23767374-22:23753198	2
8:70403700-8:70596321	2
4:16064449-14:105644792	2
14:105677132-11:70435446	2
17:10342444-17:10406148	2
22:23659865-22:23573585	2
19:9342514-19:9364862	2
8:449992-7:55796052	2
8:127794734-8:127629768	2
6:73491267-18:74510901	2
17:41914018-2:216675594	2
1:156323408-7:5527613	2
12:64714138-6:73494245	2
11:122495549-19:49869529	2
1:161212654-22:28797205	2
15:96337500-14:105743073	2
8:18014780-8:18014748	2
17:39343180-17:39334775	2
13:20011590-2:189011994	2
13:24033769-13:24222819	2
8:449992-7:55796068	2
20:37241405-16:68800178	2
1:205718245-6:73496486	2
2:105893984-X:92621138	2
1:215358548-1:215195072	2
7:96518490-14:105743071	2
5:115616272-5:115581315	2
1:178026155-1:177985062	2
17:39202444-3:196823477	2
1:154213182-6:106974754	2
8:115668545-8:116866761	2
1:25817233-12:54866293	2
10:71816338-8:56074456	2
13:45337186-1:1865969	2
16:78056631-1:145993148	2
14:75119312-1:184791972	2
2:89149998-19:582943	2
6:73517531-7:17118275	2
15:61684529-15:61590003	2
2:88857164-16:74570976	2
17:67894162-17:68037385	2
19:8241457-17:39715286	2
16:30070501-11:810019	2
15:89152091-22:32862761	2
22:38485709-17:39694220	2
11:1753327-14:105562794	2
10:73141387-17:39715286	2
16:15011638-12:54854563	2
6:73505996-17:32380957	2
6:106227011-2:88857278	2
17:59624468-17:59840084	2
5:141362452-5:141485183	2
2:215395540-1:22091945	2
2:88857294-22:29838098	2
6:149725379-5:178691201	2
6:33300662-17:39724280	2
15:40807369-15:41027736	2
11:130142017-14:105743074	2
2:189012698-4:118752906	2
4:24660043-4:24790062	2
1:25267740-1:25351626	2
17:39738392-17:39730291	2
Y:11473765-2:88857683	2
X:153509051-16:78634849	2
7:94418607-8:56074455	2
8:127890998-8:86726657	2
1:103627592-1:103573849	2
14:105395354-14:106728195	2
13:23983933-13:24222819	2
10:9065363-10:9296568	2
10:71826741-4:163324453	2
11:9083637-8:11842718	2
16:87834531-14:105771408	2
10:8065714-17:75779725	2
8:37744696-7:37013435	2
10:93404653-2:216695466	2
6:159713972-17:39727842	2
16:68760100-11:62516470	2
22:38500431-14:105708664	2
X:153509054-5:151685459	2
14:77507626-13:37592593	2
7:76650495-7:76626216	2
6:70589334-7:142755539	2
2:241495500-14:105743072	2
6:167050279-6:167136038	2
5:40829682-2:188996297	2
16:56942237-16:56570776	2
12:111842769-12:111798078	2
4:77908375-6:106974754	2
14:91836371-14:91895072	2
3:46442500-2:189012405	2
14:105624353-9:107284480	2
9:107169954-17:68044376	2
2:241323041-7:5527335	2
11:57723424-7:99968430	2
8:100690476-3:23919287	2
9:129818178-17:39715286	2
18:36121271-12:98606019	2
6:166943995-6:106971834	2
19:541659-14:105708664	2
X:77901867-17:39715286	2
15:68544686-15:68645160	2
3:195580402-11:9750366	2
6:34371468-2:216675595	2
9:121250216-2:189011952	2
5:83582347-1:153459030	2
7:5527156-12:113183802	2
1:72899029-8:127290060	2
1:150731249-22:36283397	2
3:10153364-7:99050143	2
X:153509048-2:89092520	2
2:191262772-14:105771408	2
8:98825515-8:98996966	2
11:65623624-14:105743073	2
18:213971-2:189007188	2
11:1753302-5:138740782	2
10:70688023-7:74832943	2
13:110219864-5:55940138	2
19:40629784-5:112867819	2
17:38375962-6:106971834	2
3:59536997-3:59769038	2
16:67762824-16:67197643	2
13:37562548-19:41860775	2
6:168392859-6:168509915	2
1:20651839-11:107665965	2
8:96160105-8:93636924	2
6:73499522-11:64765308	2
7:128615942-11:168972	2
4:2853698-4:73415035	2
12:130876926-19:48965491	2
21:39613067-21:39725838	2
6:73517600-11:63692851	2
6:43517377-6:44043685	2
19:22052635-3:60125541	2
2:88857270-3:129570350	2
11:903656-17:39715286	2
5:70971449-5:69534694	2
17:39204875-8:96233227	2
19:4793146-21:6898567	2
4:38944239-6:73510752	2
12:65866804-12:65759031	2
4:112565468-6:26321802	2
17:39713269-1:153972744	2
1:184791996-2:88849579	2
2:180724690-2:180982018	2
2:42581908-6:106971834	2
1:150600931-8:56074455	2
6:332658-6:31864879	2
19:48383091-17:39702563	2
22:23854725-1:112526111	2
12:54017414-12:54054850	2
4:69349207-4:69294777	2
6:73502897-5:172768474	2
12:52932109-20:36891704	2
2:86673525-2:86620469	2
6:151481723-6:151536318	2
6:45802183-6:45910958	2
22:45166430-6:106971834	2
18:50974561-18:50227609	2
10:78040694-2:88951228	2
2:215388864-1:22091946	2
2:89142574-1:8867841	2
6:30724975-3:46463406	2
3:148816539-12:49764728	2
7:116953691-7:116769645	2
10:27099162-12:98548965	2
11:122538655-6:30725267	2
3:195577062-3:53235064	2
10:87933251-10:88016243	2
5:21505496-5:21965639	2
1:45511329-9:12972842	2
6:73512107-17:18209349	2
5:43297977-12:54854560	2
2:88857165-10:71849695	2
3:69100069-22:32849452	2
X:153509048-14:106178463	2
17:41634536-6:106971834	2
5:179343767-5:179503740	2
19:39685652-19:39694464	2
19:21817888-19:21788947	2
12:116096669-12:116311756	2
22:11066515-21:10414811	2
8:449992-7:55796066	2
12:56664349-2:88926879	2
19:13023638-12:54854563	2
19:13622159-1:109063022	2
X:47213642-17:38919034	2
8:449992-7:55796092	2
1:89190038-1:89983677	2
14:77027484-X:71141236	2
2:88886007-22:36309907	2
15:90441135-10:8074530	2
9:121323384-19:48965489	2
8:94507152-17:39708000	2
2:190992465-7:94430629	2
6:105323665-6:105078721	2
16:1979676-16:1985866	2
20:17601275-19:48965491	2
11:9392320-6:106971834	2
2:88857240-1:64897483	2
3:40462048-19:45770266	2
16:18858171-16:22523820	2
1:27456325-7:5527499	2
2:89149999-17:48060981	2
6:73510899-12:54854562	2
2:11642124-4:101884917	2
2:88857234-14:98963394	2
17:81843125-16:89560940	2
2:88857323-6:31636869	2
16:3661991-2:88857683	2
13:102617051-17:39715286	2
2:61514062-6:106971834	2
12:52897155-3:197950936	2
14:105624355-10:893095	2
20:63511428-16:11679836	2
6:34417461-2:88951636	2
17:62560126-1:243097299	2
6:26124749-6:26170975	2
1:22047502-8:37861132	2
2:85569491-2:88857683	2
2:47164161-22:28797205	2
1:35509160-14:105708667	2
9:96827112-9:96778036	2
3:195568729-22:41160417	2
1:60660141-6:152102784	2
6:70588974-7:142375537	2
7:94431046-X:53575239	2
1:109165762-7:94430477	2
15:82536757-2:89150251	2
7:89445875-19:41410860	2
X:154406382-17:75779725	2
6:73517528-9:112257086	2
22:38500431-14:105771408	2
3:48245945-X:2487378	2
19:57815989-19:57853776	2
12:69476037-14:105743073	2
3:111412905-3:111239232	2
6:45839068-6:45911751	2
19:14471803-14:105680173	2
2:11641498-1:163128080	2
2:88938274-3:10151136	2
16:78110084-11:78142733	2
5:150081074-17:50184822	2
19:22316979-19:53383314	2
17:39693699-7:99968430	2
1:19368502-19:48965489	2
X:149499229-6:106974754	2
6:116147449-17:50185226	2
2:88857237-13:113836410	2
5:55940138-4:70675929	2
2:89111866-X:154399517	2
4:39499879-16:81057399	2
8:96334440-8:96366385	2
19:12944103-14:105856180	2
12:124911564-5:40834606	2
7:5551857-11:33709789	2
11:96590474-7:120752432	2
6:30687267-14:105743074	2
14:101991406-7:99968430	2
14:105694492-20:23082563	2
14:55601880-6:106974754	2
9:100451108-9:100498765	2
5:151662453-14:55637661	2
7:73553548-17:39715286	2
5:21505515-5:21965713	2
11:9122772-7:74689124	2
X:153509050-2:89034798	2
17:15503174-17:15440287	2
2:88857122-3:51995469	2
16:67842944-14:92071034	2
10:96549823-6:7585103	2
17:51022129-5:151664149	2
22:35869492-2:216694916	2
X:51881159-2:88857683	2
6:70589346-X:120381632	2
12:69470530-12:69350108	2
12:120196711-2:88858528	2
5:181317395-7:55796092	2
17:670442-14:105708665	2
10:102398145-14:105588398	2
4:76058625-8:65533124	2
9:5339262-9:5300444	2
6:73497170-12:98549120	2
12:49764710-12:56162385	2
17:59650493-2:189035094	2
2:89148121-X:153509070	2
19:38248503-2:88857683	2
11:35226417-14:105708667	2
14:105624351-3:128722347	2
1:207367487-17:39715286	2
19:15339835-2:216695466	2
1:19259047-2:88863209	2
14:21269298-1:117033860	2
5:181241430-2:20201314	2
14:77507610-2:88938281	2
X:8604510-7:94430430	2
8:100919873-8:47775792	2
15:20972149-15:22030926	2
14:105492303-16:89560940	2
14:105635016-2:20037384	2
7:30502242-2:216694866	2
17:39692419-5:134158595	2
9:105421595-12:14882099	2
11:1753327-14:105683123	2
X:153509022-2:89148146	2
15:43755916-17:39708000	2
3:1002968-3:1092893	2
3:195577062-22:35617265	2
7:74662525-2:88857277	2
12:6348071-12:6342025	2
1:85577984-1:85324883	2
20:1915106-20:1611678	2
14:95621033-14:95652377	2
21:15043495-21:14857708	2
2:215170242-2:215138556	2
10:50056784-10:45708867	2
7:5540676-14:52778458	2
2:42581908-17:39715286	2
3:195577062-12:52902072	2
19:53086054-19:52854052	2
7:116953691-7:116916060	2
14:105670151-2:96185380	2
7:94430053-2:69246488	2
8:127794734-8:127740396	2
17:59784892-7:5527335	2
14:106594401-4:70234063	2
22:45194286-6:73514855	2
2:88857177-8:80126385	2
17:37216825-7:5527608	2
3:176916624-3:176420996	2
21:34073745-21:34293681	2
2:189011803-21:25889989	2
11:1299237-14:105743073	2
10:47542167-10:47522934	2
19:16102219-6:106970708	2
7:94397741-2:88857276	2
18:58089982-17:39715286	2
17:38888298-17:75778516	2
6:108561829-8:36146652	2
7:100039313-3:148851370	2
18:11959833-18:11999054	2
7:102564399-7:102548000	2
8:37862737-8:37849830	2
6:73517533-11:63692926	2
2:60295106-2:59858564	2
8:78675863-8:78659203	2
11:62460125-14:102084988	2
4:24540644-12:54854562	2
6:7560978-19:3976256	2
12:49764704-1:173417954	2
6:106970669-8:38493152	2
6:105368903-6:105101213	2
16:56842695-17:39715286	2
X:102605653-X:102714189	2
20:51728631-7:94430622	2
21:25897380-8:11843785	2
21:34716838-3:46472556	2
17:39713269-11:57810109	2
22:11068174-21:10454134	2
9:37603339-9:37692638	2
12:53468157-8:56074456	2
2:30730730-2:30641946	2
3:75362145-2:71024306	2
17:38919035-19:18161284	2
6:73519909-3:193579294	2
19:53775697-15:69452927	2
19:1020574-14:105743073	2
12:52905721-12:12917260	2
2:215370549-4:70656206	2
15:99598511-15:99024600	2
14:37564362-14:37606663	2
12:49764973-3:51995469	2
X:84518942-X:84475397	2
21:26040610-2:216675548	2
5:44658462-5:44777328	2
8:8241962-3:75412624	2
X:77664241-12:14882114	2
14:105624351-14:24230635	2
3:94129751-9:114597993	2
11:16756364-22:28797205	2
16:19120531-2:89087886	2
14:105644931-20:34077059	2
7:99560639-7:99598378	2
7:128615957-11:168969	2
9:86033282-7:5561949	2
X:1350530-3:10152311	2
2:188996274-15:63070327	2
8:99873165-8:96233227	2
2:197390773-5:150407923	2
7:102566997-7:102545474	2
5:171392976-19:6687371	2
8:115587001-8:116261641	2
X:78034760-10:100360970	2
9:126181455-9:126340508	2
1:176077176-7:94431048	2
12:49764710-12:56162387	2
17:56851943-17:39715286	2
22:20518995-17:39715286	2
2:131263924-7:5528712	2
2:89111866-17:81843622	2
10:102827070-17:39715286	2
11:106589068-11:106708391	2
7:5550354-17:74768726	2
17:14295565-1:22092159	2
4:41118089-17:39715286	2
1:160281186-12:52902072	2
5:83564698-20:17604561	2
18:15168715-2:90364377	2
2:88857294-6:100557711	2
3:48708120-17:39715286	2
14:105557472-19:11450413	2
11:70385123-14:105743071	2
11:77633092-12:14882100	2
17:46517205-17:45545919	2
18:36174844-6:73510769	2
X:22171159-13:59666846	2
10:71833021-6:30724519	2
1:154176854-6:106974754	2
18:15169344-2:90364991	2
2:88857239-1:64897487	2
2:216530890-8:56074456	2
8:127794735-8:127339281	2
5:42851491-8:56074458	2
9:37881535-9:37860492	2
16:18858211-16:22510896	2
20:45365687-20:45408526	2
15:64156389-14:105743073	2
6:73511071-6:109366782	2
2:27217148-2:88858532	2
1:41241976-1:41381616	2
22:23883873-22:23894772	2
12:10407636-12:10393867	2
6:42888357-8:67092645	2
19:16076853-1:154582489	2
10:100362387-X:65726486	2
2:88857238-6:151666695	2
14:73924819-17:39715286	2
9:62806327-9:41254223	2
7:140178221-11:121988886	2
4:41360936-4:41256593	2
7:140178226-11:121988729	2
15:72213077-17:81843621	2
19:54207638-2:88858529	2
19:40691592-19:40684556	2
14:105626207-20:34077059	2
2:88857232-1:31704128	2
5:181236951-19:16074008	2
19:41871530-8:17544119	2
17:76677291-17:39698275	2
14:105769102-7:74657667	2
9:130471699-14:105644790	2
8:100712806-5:179729895	2
2:88857234-6:151666715	2
1:8817160-1:9058250	2
16:28477493-16:28353061	2
2:88857223-12:53452224	2
17:39204711-1:39468014	2
10:37201325-6:73489597	2
15:41440333-17:39715286	2
15:65810474-17:64500878	2
1:51788172-15:94342765	2
7:102822040-7:102703527	2
2:88857176-5:179953328	2
20:17580749-17:39708000	2
10:71833018-6:30724521	2
1:42701546-17:50184466	2
22:45240170-14:105644792	2
1:25817233-14:102093487	2
20:51728631-7:94430623	2
2:9630159-2:9759299	2
6:73517528-1:175003477	2
17:42999292-12:52902072	2
11:1299237-14:105708667	2
14:91044876-7:5527257	2
1:162597858-1:162655211	2
22:38500431-14:105644792	2
16:48165693-16:48153884	2
3:128770013-2:188974469	2
2:131254439-2:131637602	2
7:5526365-7:16873843	2
10:59887485-2:189011951	2
5:40832469-17:38850118	2
17:35366947-17:39715286	2
5:115616276-5:115581315	2
12:52923436-X:48578079	2
7:99624167-7:99669090	2
5:70986290-5:69543683	2
15:60392950-8:100919606	2
9:23850285-9:23762249	2
2:88857294-1:84153571	2
1:205718249-6:73494491	2
14:102105044-17:50184442	2
7:5540676-3:42786162	2
18:36174844-5:55981510	2
7:74722684-1:153459016	2
20:58868467-5:179729359	2
15:79922993-15:79889354	2
9:111934714-2:237343357	2
17:39636663-5:150447735	2
7:143139739-7:74657667	2
6:33300662-11:62466328	2
7:5540676-1:203181285	2
19:3978818-2:171555921	2
12:6580582-17:39715286	2
4:16064449-14:105743073	2
14:37606742-14:37369517	2
22:42079954-22:42077280	2
4:88708259-4:88710109	2
1:54780494-7:5527259	2
15:45591575-17:39715286	2
7:102566582-7:102545474	2
15:75443593-17:39715286	2
21:41168575-21:41338378	2
2:89085178-19:2121327	2
16:30070502-11:810019	2
12:55725537-14:105743062	2
17:48023272-17:48050607	2
7:26194797-7:5527257	2
6:151702005-6:151593107	2
8:94692827-8:94702050	2
8:86524997-6:106974754	2
4:173585497-1:109204206	2
17:39722741-17:75778518	2
2:88857240-20:62318059	2
1:178024404-1:177973309	2
14:37725002-11:88359007	2
1:235359944-17:39715286	2
17:49057483-17:39211302	2
19:16095893-6:106971834	2
2:215371607-16:18795582	2
14:105741892-1:155186517	2
16:30070258-14:105637960	2
14:37682964-14:37564219	2
15:43564867-15:43648063	2
16:11903867-8:99878222	2
X:153509055-16:78767459	2
14:49580888-14:102084546	2
8:133246000-2:88857683	2
3:148846774-5:55940142	2
6:167033971-6:167136038	2
12:69353506-2:215429027	2
5:171392978-6:151813389	2
6:170739941-7:55796092	2
13:75623380-12:54854560	2
3:11635609-2:88857683	2
2:215370551-1:226071588	2
8:17982637-17:39715286	2
2:88857176-2:102175112	2
X:153509051-16:78774507	2
12:51006174-17:39715286	2
2:44347210-17:39715286	2
1:1885871-15:44717672	2
22:22901423-2:215406765	2
3:33036861-14:105743073	2
12:91148736-1:145993022	2
14:96237181-14:96262652	2
12:91169388-17:75779725	2
22:38500428-14:105743070	2
9:37881585-9:37860492	2
2:38354067-6:106974754	2
4:7939656-4:8009102	2
1:25337038-1:25342962	2
5:44658462-5:44758578	2
14:75108559-8:30678360	2
X:124236158-2:88857278	2
2:37104015-6:106974754	2
12:12914765-6:73502311	2
1:32770307-1:32770284	2
6:149291558-2:88857683	2
15:69453699-15:60352559	2
3:53871222-3:53860228	2
8:98825515-8:98968792	2
7:1472346-14:105743073	2
14:102081312-8:133255905	2
5:139389013-5:139413783	2
X:153509051-2:88914920	2
17:48766021-17:48597958	2
1:43896822-15:76225929	2
11:33733495-19:11450646	2
X:153934513-14:105743073	2
6:36598526-6:106971834	2
8:101202333-6:106974754	2
6:73499527-5:139330008	2
2:88947305-19:2121330	2
2:30723233-2:30611945	2
5:141279637-14:105743073	2
1:144425517-1:147110847	2
7:5540676-1:21220131	2
6:73499527-X:154399519	2
3:196502873-3:196508331	2
14:105769119-15:73943688	2
3:47959762-6:106970308	2
9:111926496-11:119304648	2
1:22069318-22:32849452	2
3:23924408-20:62387321	2
7:99968978-12:49764667	2
19:902519-17:39715286	2
3:197003901-3:196984884	2
1:154974248-1:155266895	2
1:143736123-1:16521564	2
9:62806335-9:41254211	2
1:32662337-6:106974754	2
19:48965479-6:151733787	2
7:75883848-7:75953989	2
2:88857240-1:64897485	2
16:58624673-6:106971834	2
14:105624350-19:16087879	2
7:100019349-6:106974754	2
8:144843477-17:39918888	2
1:25817233-11:62473688	2
19:18572607-20:58997753	2
17:81521130-4:39549346	2
7:2314328-7:1816228	2
1:119870865-1:119917929	2
22:23659865-22:25319767	2
7:37683903-7:37896870	2
14:105741892-14:105467712	2
9:5339734-9:5304568	2
2:215426164-4:94664871	2
2:27441807-14:105644790	2
12:50930422-17:39715286	2
16:2771025-5:151662609	2
11:62461829-2:20448822	2
8:129903312-8:79777339	2
3:150585394-6:106974754	2
6:94442687-12:49764728	2
1:21931465-8:56074453	2
X:153509048-2:88998240	2
21:26040609-2:216675548	2
17:39693325-2:26127144	2
3:172752272-6:106971834	2
17:59110800-11:63759205	2
3:9978210-17:39715286	2
12:6237140-6:106971836	2
6:3064721-6:2900621	2
16:15399548-17:39715286	2
16:67879388-16:67197595	2
2:88857176-20:34415387	2
2:88857293-17:29106310	2
2:237341558-20:17604559	2
16:10580549-16:11821755	2
11:1299237-14:105771408	2
X:71288534-6:106971834	2
19:57790398-19:57856103	2
17:40687684-17:40699921	2
19:49521201-17:39715286	2
10:71816552-16:58725132	2
2:88952861-12:98549120	2
5:34124418-5:34035758	2
2:188974458-14:65568118	2
2:30237609-14:105743073	2
8:127794734-8:127006555	2
3:132450165-2:216675550	2
8:99878150-7:74657667	2
19:46650247-3:156175515	2
13:49114731-6:138696597	2
11:61864396-19:12944118	2
1:203814972-6:106971834	2
15:76284805-6:106971834	2
8:94488791-8:127133516	2
8:30679072-14:75099704	2
21:6811354-15:20804434	2
12:6579459-6:106974754	2
12:54837771-4:94664871	2
1:13843107-1:14158953	2
22:20500814-11:47635562	2
16:88818007-16:88810148	2
2:111708381-2:111593711	2
19:14483331-6:106971834	2
22:18173828-22:18371472	2
14:105743004-20:36307950	2
17:50943927-6:51981399	2
9:121225819-22:36281692	2
17:30385236-17:52072393	2
8:98205111-8:5877533	2
15:42211144-7:94399284	2
X:153509051-16:79185941	2
7:97908795-7:97872449	2
12:53986010-12:54118604	2
11:61430182-11:61484688	2
11:124289179-11:124570101	2
20:58859642-5:134158596	2
1:212782372-1:212686979	2
7:5550056-21:44850069	2
11:88351781-2:88857683	2
17:39704514-7:99968430	2
8:18222587-8:18371236	2
7:94431047-1:56534310	2
17:1399755-17:38919034	2
3:128644657-8:56074456	2
2:11641498-6:73511803	2
6:30159769-6:31353984	2
6:73491266-21:25881145	2
20:18488976-17:49019951	2
11:125039069-11:125076757	2
10:102398145-14:105626068	2
8:119199502-5:55940138	2
6:31660321-6:31651774	2
1:20651839-6:29672292	2
12:54284809-4:143555505	2
6:169216424-14:105670149	2
6:42888298-6:73510772	2
14:55657411-17:39727841	2
16:11810048-16:11820297	2
17:74766523-2:216675954	2
12:49719080-5:44744062	2
1:86740318-2:88886145	2
8:90812955-12:66220773	2
4:10074323-14:105743054	2
4:2471109-17:39715286	2
17:65052210-10:20286782	2
12:52935082-16:68801726	2
2:88857228-22:38485973	2
14:37623003-14:37369517	2
7:156680426-16:981373	2
1:52065408-17:39715286	2
10:59906122-10:60042759	2
14:105670161-1:54031896	2
2:131254436-2:131637579	2
1:178024404-1:177968039	2
15:20942560-15:22001666	2
9:121250216-2:189011953	2
20:1392834-20:1325590	2
9:121332738-X:72272772	2
17:31865366-17:31853030	2
11:73264649-11:73346883	2
19:36907098-6:106970306	2
3:132713126-3:138131282	2
7:5550056-10:32901312	2
8:11864697-2:73913485	2
11:122070400-5:44744062	2
X:102605653-X:102720534	2
7:30599545-6:106971834	2
8:108421997-12:52898899	2
4:56681255-8:28428736	2
3:149380050-3:149487619	2
15:82420075-15:82347629	2
17:15516419-17:15453085	2
17:39698273-17:81847044	2
5:163426985-3:177684944	2
14:105670284-11:8687390	2
10:27097667-12:98549120	2
2:88921991-6:44251065	2
14:106416659-8:56074456	2
11:130208684-11:124943400	2
1:19368501-19:48965491	2
10:8074506-11:62479176	2
17:38763510-7:5527259	2
6:73491264-11:118602139	2
14:73065093-17:39715286	2
15:71141556-15:71037179	2
11:62486026-14:102084988	2
1:16665528-1:16528347	2
2:89120539-20:45326089	2
14:58207183-17:39715286	2
6:73517519-14:31136838	2
Y:11212756-22:11929141	2
22:18089702-2:89633574	2
X:124243799-2:88857683	2
1:154176854-12:52902072	2
7:94430974-5:177342129	2
7:6481380-8:56074456	2
11:35151208-14:105743074	2
X:68510776-17:39715286	2
5:270854-6:106971834	2
2:215370551-4:70656206	2
3:58114722-12:49763688	2
2:19354399-7:103099576	2
14:37596008-14:37546905	2
3:195577062-12:53665428	2
2:164841156-17:39924225	2
2:51442042-1:59554124	2
17:59940943-17:58630554	2
17:38726375-7:94396315	2
2:88857230-14:91854423	2
16:87834531-14:105644792	2
11:62484921-2:169127467	2
12:53479680-2:88921015	2
1:207340508-17:39715286	2
8:78675863-8:78630426	2
2:215410525-1:32231493	2
19:58394843-5:150447735	2
2:88857293-20:33829440	2
6:53692574-6:53665672	2
14:105769121-5:111761962	2
5:139389013-5:139437480	2
10:95386991-17:39715286	2
X:72261302-17:75779725	2
21:39342709-6:73491278	2
20:51728630-7:94430622	2
19:18572607-12:52898899	2
1:47338631-2:189011953	2
2:38437858-2:38469441	2
11:121952652-5:44744062	2
8:80205321-19:3976264	2
14:102083737-12:49764068	2
4:56693679-4:56656012	2
6:30724523-11:62498974	2
7:76650435-7:76626216	2
16:9092270-16:8966753	2
13:36283592-13:36202093	2
2:88886894-1:155336371	2
19:14471801-14:105559748	2
10:49885247-10:42791625	2
1:62118205-6:106970258	2
7:129999460-2:237765108	2
1:85496192-1:85358814	2
7:94401560-9:114598126	2
1:54879060-12:52898899	2
8:127794734-8:127733959	2
X:153509050-2:89092520	2
2:88857240-1:64897484	2
2:105941148-7:149844625	2
22:50305197-14:105743073	2
1:22074219-6:106971834	2
1:169382205-14:68868175	2
2:88857234-22:38485973	2
19:48966845-16:68823147	2
22:38485823-12:49762967	2
19:22052628-4:39716900	2
17:670442-14:105743071	2
7:157410001-7:157470869	2
11:75405688-7:74657667	2
11:62460125-6:7585102	2
6:73518725-11:755903	2
21:15064745-21:15575410	2
14:99124003-2:189011947	2
17:38849944-8:98043674	2
14:105743207-20:34077059	2
11:121730806-1:20482855	2
15:71951923-2:188974462	2
11:9597197-11:9694146	2
11:75408776-6:42888389	2
10:71826742-2:216695168	2
17:62560126-19:239239	2
19:9829577-10:114292788	2
11:1299237-14:105588397	2
6:108561829-6:104750472	2
14:105769120-1:150574592	2
8:11843225-2:189161097	2
8:39852347-8:39824897	2
5:151662318-6:8010400	2
6:107334198-8:38772644	2
6:108561829-6:106438095	2
5:170805853-5:170718758	2
3:176896297-3:176491407	2
17:39698274-17:81847045	2
3:195568840-2:89010531	2
4:41138042-17:39715286	2
3:141438365-17:39715286	2
16:13203549-16:13350180	2
1:733251-1:914824	2
19:53775844-15:69455428	2
3:33036859-14:105743068	2
2:88857176-3:187055231	2
18:14642345-18:14538249	2
X:41356151-8:37859633	2
11:61964566-7:74657667	2
2:89149998-1:151983317	2
1:85496169-1:85360478	2
7:55026001-8:56074456	2
13:45383235-12:31117484	2
18:15167340-2:90362995	2
17:38888297-17:75778516	2
8:108470121-17:70844229	2
19:41457267-6:73517620	2
5:132943515-6:73518597	2
3:11601833-3:8307201	2
1:103031851-6:106970258	2
2:190993791-1:150575921	2
2:99681982-7:99968430	2
1:235163461-17:39708000	2
12:103939114-12:49763131	2
1:39432822-12:54854562	2
2:88886882-1:155336357	2
5:44452893-5:44389056	2
10:47460387-20:45326001	2
6:73491267-2:171554528	2
2:88857293-3:38110617	2
7:128615968-11:168972	2
6:33283531-14:105743070	2
11:62273195-4:108621951	2
14:94610359-21:34716873	2
2:88857176-20:49030458	2
5:112109052-5:111840598	2
6:73494721-2:69323918	2
12:49756741-5:151664149	2
12:19371019-6:121449108	2
5:139389013-5:139416286	2
9:41276436-2:200650974	2
1:54879339-8:56074456	2
7:76650419-7:76626216	2
11:94644153-3:133447317	2
16:14578531-17:39715286	2
19:38290575-19:38303809	2
X:153509047-X:78094282	2
22:38500428-14:105708664	2
5:151662444-4:87979897	2
2:88857126-9:130452224	2
3:129908022-15:44717674	2
6:73491267-2:28800495	2
6:73494953-6:149591136	2
1:218331665-11:66003950	2
19:6695271-8:56074456	2
15:34229475-1:109204067	2
8:11843849-16:78726434	2
7:5540676-7:2547478	2
22:28107801-22:27659944	2
2:215427737-8:56074457	2
6:73491400-13:110150300	2
11:62463132-14:102084988	2
6:73517528-15:90635210	2
5:151684610-1:228098262	2
7:140178226-11:122083097	2
1:151515616-17:39715286	2
19:38635118-19:38700600	2
12:121283690-17:39715286	2
6:117675739-7:96121719	2
21:32603161-21:32582415	2
17:42134881-5:151663329	2
3:172523253-3:172561069	2
19:16095893-19:11450646	2
15:21595700-15:22083047	2
19:48118500-13:59666846	2
10:69507651-9:111927451	2
22:42079905-22:42077280	2
X:1356755-3:10153413	2
15:63071202-21:26138734	2
7:26194794-8:100919861	2
1:247171848-1:247200193	2
16:88660520-17:39715286	2
2:89221699-1:8867839	2
6:106969973-21:26006884	2
14:55580276-19:633531	2
5:43381622-6:73487840	2
6:73507987-14:55138055	2
2:88977140-3:128814428	2
22:20500809-11:47635556	2
1:154213182-12:52902072	2
17:42137762-6:106974754	2
22:20500775-11:47635544	2
19:1906851-1:52824639	2
18:79919184-18:79836690	2
1:25817233-14:105556724	2
3:10152722-14:99130345	2
8:70403334-8:70596321	2
5:14315264-2:189012409	2
7:100039319-2:88870549	2
2:88857175-3:105563197	2
20:63488244-17:81515049	2
2:29967712-2:20201315	2
2:88857253-17:50135413	2
10:71846743-3:133588885	2
7:94418606-8:56074456	2
5:127056397-9:89821251	2
2:237369836-12:49764728	2
1:182384195-2:200817627	2
7:148699029-7:148960202	2
7:6039631-12:49764667	2
19:49342438-19:49294553	2
7:123937603-22:30410596	2
5:93504592-9:89821251	2
13:33439691-13:33220614	2
12:49742997-2:189012409	2
6:73499527-20:45326088	2
19:45409893-11:75569420	2
6:73524906-1:201507419	2
20:48664369-19:3976259	2
2:215370552-12:14882097	2
2:215400190-9:128694767	2
8:449992-7:55796010	2
X:48810751-17:39715286	2
1:27603397-1:27753748	2
14:49580888-12:54854564	2
10:32956396-1:154156984	2
8:18182168-8:18121057	2
3:8890389-3:8753224	2
14:106430379-19:12944115	2
8:47969401-6:106971834	2
8:131970643-8:133567242	2
8:101202333-6:106971834	2
17:64501149-2:188986670	2
2:88857240-1:64897486	2
1:27672123-1:27660722	2
11:85442698-7:94430993	2
20:348100-20:290307	2
2:48530216-2:48621167	2
18:3267999-7:94430983	2
10:73377445-6:106971834	2
8:98043900-6:42888389	2
19:46775091-14:106416447	2
10:110303468-10:110442374	2
X:153509048-2:89034798	2
9:121340581-2:88976975	2
8:99887498-16:11903913	2
18:9847592-2:189012409	2
11:83038828-7:94430479	2
14:67650850-14:67650875	2
2:218848577-2:218871027	2
6:73498839-14:52776669	2
9:100450559-9:100498778	2
12:120810809-12:120941942	2
8:103400465-8:103378201	2
5:1466749-14:100002262	2
8:23843318-3:69965648	2
1:1405573-1:1423931	2
7:26212583-2:89092521	2
2:241495500-14:105743073	2
9:134701464-14:105708664	2
17:39697368-6:34245883	2
10:71833021-6:30724518	2
1:21254756-2:88857685	2
2:11641467-12:6682365	2
6:73510899-5:179729359	2
8:98026187-1:6185404	2
11:62796942-17:39715286	2
2:215400191-12:123597474	2
2:215390200-4:39549302	2
2:190998661-7:5527637	2
19:14483331-6:106974754	2
11:130205715-17:39727845	2
7:5550056-3:133588885	2
7:134929673-5:55940138	2
17:38850100-21:25929410	2
10:71818390-9:83969108	2
8:100712805-11:34659203	2
7:5537529-22:37806210	2
13:46165381-12:54854563	2
3:113143854-3:113019706	2
11:62484872-3:156541495	2
2:215371611-1:165663042	2
12:53657334-5:151663329	2
1:11967579-5:151663329	2
7:111487238-7:112575343	2
10:71816551-2:190963920	2
2:227519567-12:54854563	2
7:142543145-2:88857683	2
8:11843180-X:72266405	2
17:41976734-12:52948503	2
17:41634536-6:106974754	2
2:88857238-6:151666696	2
11:61959732-8:37873578	2
9:114351109-14:105743071	2
19:40846732-19:40983832	2
2:215390200-10:27110885	2
X:133453461-X:133590151	2
10:74951127-2:216672513	2
14:105741671-9:130811491	2
1:103721717-1:103621695	2
4:151104626-12:49758023	2
X:153509045-16:79185941	2
2:88863418-22:36281692	2
21:41257326-21:41338378	2
12:49752406-2:216695082	2
17:39635726-17:39651752	2
1:223141648-6:106974754	2
2:37104015-6:106971834	2
11:61966111-15:48410628	2
8:99878149-7:74657667	2
1:154974248-1:155265954	2
7:5543289-12:123597473	2
8:120317892-2:88857683	2
8:449992-7:55796090	2
15:39617735-15:39190166	2
13:99530876-17:50184442	2
9:121332696-19:6692038	2
21:42898565-21:42997112	2
11:2883999-11:2840442	2
17:64898494-17:46748114	2
17:39730389-22:22900976	2
9:105421596-12:14882097	2
X:54808963-2:88857683	2
2:89148121-X:153509068	2
9:100052417-9:99915323	2
12:130876925-19:48965489	2
3:10152722-14:99074420	2
2:215400190-9:128694769	2
6:160057542-14:105743073	2
10:103596684-2:88927645	2
17:64506076-20:58895612	2
14:105624341-7:74657667	2
10:102398145-14:105588397	2
11:1753409-6:73521964	2
2:88857311-12:7149028	2
15:39594055-15:39109798	2
1:19380910-8:11843770	2
7:94430467-3:139998997	2
15:42233213-1:223544850	2
5:44388358-5:44746038	2
9:42972624-6:110858924	2
4:40629396-4:40707742	2
2:89099864-1:8867840	2
1:165684402-17:50184822	2
10:102341541-2:88857683	2
2:229909094-12:14882100	2
12:109579282-17:39715286	2
8:70403700-8:70587176	2
19:36631618-2:61189508	2
11:102448812-11:102553965	2
1:25817233-17:39724133	2
19:38290575-19:38304181	2
12:49764721-20:53561133	2
12:7010253-7:5527330	2
11:62495003-14:102081301	2
8:100689511-19:11450413	2
X:2737878-8:100919291	2
7:64336985-7:64374613	2
3:105569084-7:5527498	2
6:73503125-5:151809177	2
2:89150249-1:181056380	2
11:63738459-2:88857683	2
8:449992-7:55796063	2
2:88857231-22:38485973	2
21:39613067-21:39706355	2
1:205718249-19:35852109	2
2:88857270-22:29838096	2
22:38500431-14:105626068	2
2:88857176-4:73251545	2
2:176630359-14:49862799	2
4:684483-4:673401	2
2:88857250-19:45417517	2
2:42216324-19:18591709	2
22:18173796-22:18371472	2
17:59976024-17:59963284	2
6:73494559-19:11450413	2
11:62434668-19:41871560	2
11:1299237-14:105626068	2
8:143597358-14:105743073	2
14:99124000-2:189011950	2
8:100919618-11:10806618	2
17:76677291-2:215405745	2
6:73491267-2:65269356	2
17:50184492-12:892035	2
20:58868467-19:2273010	2
10:87933251-10:88057994	2
20:41618340-15:86939766	2
11:1299237-14:105708665	2
4:94605871-2:215409694	2
1:230843354-1:230710853	2
4:140684848-14:105743073	2
1:163111082-3:51995469	2
8:90812955-12:66249417	2
2:100104402-2:100142595	2
8:98045715-12:52898899	2
20:1392834-20:1320435	2
22:20500792-11:47635556	2
1:150732751-19:40369000	2
7:35801270-7:5561949	2
7:102566582-7:102545420	2
6:73491401-11:1995576	2
7:76515456-7:77018807	2
X:153509050-2:88998240	2
5:44744081-11:122158644	2
6:73491264-12:123596720	2
14:105769113-14:102138521	2
12:53950136-12:53975181	2
11:122158621-5:44744062	2
15:82536759-2:89150241	2
10:102398145-14:105644791	2
15:64140980-2:189007162	2
5:38596913-12:54854562	2
12:98604854-17:39690314	2
16:56942237-16:56559382	2
2:89149998-X:119471088	2
19:17292854-10:32936423	2
17:50187907-14:105743073	2
17:39634034-22:36511545	2
12:52923437-X:48578079	2
6:73494782-1:20651838	2
X:119577066-6:106971834	2
7:80850611-14:105743071	2
1:25817233-11:62476396	2
X:153509046-16:79194063	2
10:79804485-10:87449476	2
21:25917269-12:54854563	2
1:107740289-14:102084547	2
2:88857232-20:58891271	2
20:23440899-12:57395818	2
15:64156390-14:105743074	2
10:29529372-14:105708667	2
17:41914018-2:216675595	2
2:129984627-2:130013551	2
15:82536710-5:40834606	2
10:27062939-12:98548965	2
1:170676349-7:5527613	2
1:230843354-1:230776748	2
17:14295564-1:22092160	2
10:92555372-17:39715286	2
7:110432811-7:109841570	2
2:216685992-17:59685670	2
1:148303555-1:148272035	2
2:88857227-14:91854539	2
19:41531575-19:41535728	2
3:195953349-3:197651337	2
2:88914464-7:74195577	2
15:71154932-15:70980101	2
2:27441807-14:105708665	2
8:99328914-8:79777339	2
X:153509051-16:78481740	2
8:144413512-8:144413535	2
1:167916637-14:105743032	2
2:241756014-2:241799065	2
1:145214677-1:145093443	2
X:81293292-18:36109014	2
7:128615967-11:168972	2
1:2400505-14:105743073	2
16:78022741-12:91169897	2
2:130300391-2:130196371	2
X:120438027-17:41526743	2
14:37579867-14:37606663	2
8:116850618-11:130121746	2
22:45207573-8:99892052	2
1:119670663-6:106971834	2
5:181236943-3:58143288	2
15:99565682-14:105743073	2
11:35226417-14:105588397	2
19:576702-7:99968430	2
21:34073745-21:34262820	2
19:1659629-14:105743073	2
8:9062784-8:9145251	2
17:49675895-17:39715286	2
2:88857236-12:57695906	2
19:51693762-19:52290430	2
2:215370552-1:226071588	2
8:100919618-12:91142871	2
15:43564867-15:43648066	2
16:18858170-16:22513764	2
3:33036861-14:105644792	2
7:5535081-6:169216131	2
7:5536224-7:99968430	2
5:21505515-5:21965644	2
18:49578178-18:49501751	2
1:164651953-1:31906754	2
2:241495500-14:105644792	2
7:26171123-1:153358269	2
8:11843800-11:63685009	2
3:197649539-3:195938738	2
1:15572377-4:94664873	2
10:27085118-12:98549120	2
8:66514197-8:66264334	2
3:150585394-6:106971834	2
11:35151208-14:105644792	2
11:1753327-1:30894714	2
1:155062810-19:41860775	2
5:139389202-5:139415904	2
7:74745663-10:71817384	2
2:215381481-2:202565059	2
6:169182684-6:169158456	3
15:101186679-17:39715286	3
5:134798186-19:48965488	3
15:20942560-15:22030926	3
21:15194336-21:15123761	3
14:102000717-6:106974754	3
5:33830151-7:94431048	3
6:73497170-1:32682769	3
15:39594055-15:39435769	3
9:125365332-16:78031450	3
3:102232239-3:101816795	3
19:53679295-7:5527260	3
3:69100069-6:106974754	3
4:143555580-12:54284884	3
1:173691113-1:173659433	3
10:71841710-3:197951189	3
21:16755680-8:56301573	3
19:50372985-17:39715286	3
17:49059667-17:39211301	3
1:156095521-14:102081502	3
6:73517530-21:33813004	3
11:66625678-11:66665856	3
4:10068163-5:69308581	3
12:14881891-7:74657667	3
11:94036953-7:125153612	3
7:102683279-7:102476270	3
2:88983337-X:48578079	3
3:124901266-6:106971834	3
8:116848761-10:100361766	3
1:20649540-15:64817327	3
18:36174844-12:52936119	3
6:106970831-3:47981482	3
8:115587001-8:116726172	3
12:49764718-11:65840951	3
13:37562549-20:62387321	3
8:449992-7:55796025	3
9:69185204-17:39715286	3
16:2771024-5:151662609	3
19:9658009-19:9691269	3
19:23741565-16:28536208	3
7:44832718-6:73496823	3
16:28479644-17:39715286	3
14:105624351-5:238405	3
14:37623003-14:37422855	3
12:14881898-7:74657667	3
14:94624052-7:74657667	3
6:125796797-17:39715286	3
1:154176854-6:106971834	3
8:23382391-17:39715286	3
6:73491268-5:179729893	3
6:73492688-17:39715286	3
7:127745331-15:44717328	3
5:179701005-22:32849452	3
8:116848761-10:100361763	3
1:215542206-1:215573786	3
16:67568531-17:39715286	3
5:139389202-5:139417595	3
X:149499229-6:106971834	3
19:40322028-19:40257054	3
7:96518487-14:105626063	3
7:152205106-21:10524580	3
1:173449344-12:49764728	3
8:85839785-8:86098393	3
14:37606742-14:37499908	3
X:103964622-X:104065984	3
8:38493132-6:106970647	3
14:105555966-20:62387321	3
19:66346-15:101972901	3
2:215426165-10:27110885	3
1:65425378-1:65493867	3
11:35226419-14:105743074	3
7:93114795-7:93054836	3
21:25957699-4:163325056	3
12:54837769-4:94664872	3
17:78110070-17:50184442	3
15:72572380-6:106971834	3
2:110084007-21:33437286	3
2:88863150-6:26376051	3
1:2270135-14:105743073	3
5:73452105-5:73499134	3
17:65830-1:913046	3
4:151103773-5:55940138	3
6:73510709-2:61189488	3
15:98959982-12:52907022	3
7:128615970-11:168972	3
7:5540676-3:172506919	3
1:94638437-6:106974754	3
19:41771978-2:89025610	3
X:53613748-7:5527498	3
2:197490412-8:100703144	3
7:5539802-8:144427029	3
17:1383032-4:75645004	3
11:9122772-17:39715286	3
2:88857233-2:170963451	3
5:17276731-8:40392779	3
2:88863149-11:119309147	3
5:70974129-5:69534694	3
7:80850611-14:105588397	3
7:5540676-3:128644983	3
16:10580549-16:11820297	3
14:106055953-16:33827355	3
15:43564103-15:43632363	3
10:92554722-17:39715286	3
16:57641708-6:106971834	3
6:73507987-3:172506556	3
14:53201483-8:54191583	3
1:150574176-4:73415035	3
8:30678385-X:68514221	3
14:100481271-7:121051203	3
1:35509158-14:105743071	3
21:35887796-12:14882097	3
5:14528468-12:56663977	3
3:197003901-3:196984195	3
11:61967432-16:29806401	3
12:103939113-13:37563083	3
6:73491264-2:42350765	3
10:102398145-14:105743072	3
17:38919035-5:138630839	3
4:39549566-2:173901979	3
6:73517530-16:21643159	3
12:49756739-5:151664151	3
5:119472576-6:106971834	3
19:47156661-17:39715286	3
14:105644792-15:64156389	3
7:94431047-2:174572463	3
X:78116044-17:39986573	3
6:33300661-12:14882664	3
2:89088580-11:119309147	3
2:88983961-7:100037862	3
1:25338069-1:25351626	3
7:6046777-6:106974754	3
7:140460122-17:39715286	3
X:153509047-16:79185941	3
2:88857240-7:5422499	3
7:100741978-7:100723111	3
8:232129-7:55796092	3
4:82880224-12:54854563	3
14:50956700-1:151769501	3
17:10291913-17:10320392	3
9:121323384-19:48965491	3
19:9339319-19:9364862	3
1:45539921-7:99968430	3
1:114726221-2:188975983	3
12:52914239-10:8055435	3
2:215420339-2:96185380	3
7:94397746-14:21234229	3
1:109203592-9:81977076	3
4:40556727-17:50184442	3
5:172916746-16:31122649	3
7:77630567-15:44717328	3
1:151178001-1:151173615	3
15:20804439-21:6811349	3
16:28536180-19:23741537	3
22:23969478-22:23971623	3
4:143555579-12:54284884	3
2:27441807-14:105588397	3
19:41871407-2:88968441	3
14:106138294-7:99968430	3
1:95475374-1:95514151	3
13:70436816-13:70081613	3
2:215401090-16:46663111	3
6:73517530-8:86378558	3
4:1654978-4:1574544	3
17:36183619-17:36212482	3
15:71079797-15:71022585	3
12:53990814-12:54131990	3
19:53673128-7:5527334	3
8:11856853-3:49359456	3
3:46442499-17:81843658	3
17:44023572-17:43966532	3
18:36174844-12:52934096	3
X:71271296-2:215361076	3
7:97908795-7:97869813	3
17:39401361-17:39405480	3
2:88857237-14:91854540	3
19:41863985-19:11450646	3
14:105624351-3:48084597	3
19:42408258-19:42387210	3
11:94644153-3:133448489	3
16:18786240-6:106971834	3
17:39691038-1:32231492	3
14:105769121-20:1127528	3
14:95621033-14:95652097	3
14:105624350-14:102123557	3
18:213971-2:189007164	3
9:125567982-7:94431048	3
12:49742996-2:189012409	3
X:124236158-2:88857277	3
11:35226418-14:105644792	3
6:73524878-2:202565049	3
2:237403965-2:231713094	3
11:125040179-11:125076757	3
7:114979781-7:115031787	3
1:11988516-2:27693685	3
1:109179343-7:99968430	3
2:88862995-17:39211302	3
20:37301413-20:37365204	3
20:36578967-20:36607750	3
6:73524880-4:94664870	3
16:30070493-10:43396590	3
2:88857293-17:82882016	3
19:53775686-15:69453664	3
14:105743072-17:39720587	3
4:39322283-17:39715286	3
3:170089016-6:73511308	3
4:150639369-2:216675728	3
3:193654983-2:88857683	3
1:45685576-1:45700190	3
11:102448812-11:102610030	3
7:5561954-6:121448776	3
14:105742783-1:492780	3
7:94423607-2:96185380	3
14:95641870-14:95652097	3
4:10069220-5:69308581	3
16:18858171-16:22513424	3
7:5542255-1:150308678	3
19:1925107-1:52753606	3
19:48906877-14:105743073	3
21:6859216-18:14408096	3
3:10152722-15:40374842	3
19:54384353-19:11450413	3
2:89149998-2:10784191	3
6:73512267-1:27666281	3
17:48844026-6:106971834	3
18:9781331-2:189012409	3
16:67439795-6:149725366	3
15:58950985-15:58916999	3
X:153509051-16:78767479	3
X:153509045-16:78767479	3
7:5540676-17:39669629	3
10:20284329-2:188996297	3
4:157987706-4:157677333	3
20:58863598-12:14882114	3
10:79766271-10:79864918	3
8:69488805-8:69430048	3
6:73491266-8:70574809	3
17:59645222-12:49764664	3
16:30070449-11:8683202	3
2:55081868-10:100362396	3
8:98026187-X:154399519	3
21:26040609-2:216675547	3
19:52878539-9:81977064	3
1:19556134-14:105743071	3
14:92741062-6:106974754	3
16:18858211-16:22506117	3
16:28490319-17:39715286	3
7:6389398-7:94430622	3
2:188984033-10:43387926	3
12:6580582-6:106971834	3
19:41457264-6:73517619	3
9:62806330-5:93947966	3
7:26212583-2:215423214	3
1:178026155-1:177973309	3
2:237378368-8:56074458	3
2:88540323-22:22901315	3
2:215426167-4:94664871	3
5:73452105-5:73502488	3
14:105769119-11:66209141	3
2:241495500-14:105771408	3
8:449992-7:55796060	3
18:49578178-18:49501731	3
11:62468356-21:25881143	3
19:45470942-14:105644792	3
5:181260001-5:181242345	3
1:223141648-6:106971834	3
2:88983337-19:16552358	3
10:79723918-10:87508333	3
11:107666018-1:20651804	3
11:726751-11:755879	3
2:207609817-1:151770113	3
2:89142780-3:41196242	3
2:215410523-1:32231492	3
7:66654626-7:66712167	3
8:143584402-5:179722933	3
6:73493407-9:113261263	3
6:73502896-5:172768474	3
8:96334440-8:96385910	3
8:115666282-8:56074457	3
1:85494729-1:85358847	3
X:37949405-X:38027844	3
7:107934907-5:151664149	3
X:1344702-3:10152299	3
19:46740164-17:39715286	3
9:115021283-X:153509066	3
6:73493562-11:119309147	3
1:147099485-1:144422272	3
19:41863985-6:106974754	3
13:99562824-2:89095696	3
8:61644735-5:151663329	3
16:60024605-2:202303411	3
6:73491400-20:63521725	3
5:44815550-7:5973131	3
1:154584690-2:188974469	3
1:109199590-2:88857683	3
19:16659158-17:39715286	3
3:148698127-3:148827654	3
11:66624324-11:66646027	3
16:9093001-16:8981726	3
X:37906140-X:38031000	3
6:73491264-22:41628168	3
20:35845508-17:39715286	3
4:82880225-2:216675595	3
3:111412941-3:111239232	3
20:23603728-20:23585077	3
1:46174837-1:46080750	3
12:14881905-2:156576460	3
16:18858211-16:22523820	3
1:85496166-1:85431342	3
X:1328552-1:154156988	3
3:101924461-3:101994561	3
5:181236943-2:88974141	3
11:65203638-12:52898899	3
17:39715939-17:41755432	3
15:39600845-15:39435769	3
9:130471699-14:105743071	3
2:26225401-2:216672420	3
14:105743073-2:70004857	3
17:28330111-17:39715286	3
9:121255179-14:105743071	3
10:102332526-17:39715286	3
7:5527271-14:90971328	3
1:58576189-1:58536741	3
22:18173842-22:18491215	3
16:30061560-12:49762967	3
17:16198601-17:39715286	3
12:53990814-12:54141752	3
11:125958599-6:73493391	3
6:73505996-17:39211302	3
15:71154932-15:71008379	3
10:27085272-12:98548965	3
20:35174485-1:25567978	3
9:88416766-17:39715286	3
16:19067737-16:18936856	3
1:19368502-19:48965491	3
15:63070304-2:88886907	3
5:134632077-17:39715286	3
2:11641498-1:163246613	3
17:38763510-7:5527258	3
21:33824147-2:88886152	3
1:163134516-5:55940138	3
2:215400188-9:128694769	3
2:89149998-2:10784190	3
21:25972326-2:189011951	3
21:14991201-21:14857708	3
8:38247227-6:73510824	3
20:17582091-6:106970307	3
8:449992-7:55796012	3
19:14471812-14:105680212	3
3:53237797-6:106974754	3
19:22315383-19:53383314	3
15:41280874-2:88937125	3
1:171814023-1:171921748	3
X:12977162-12:9099499	3
1:154582476-9:115115699	3
1:103031850-6:106970258	3
7:5540676-11:63590368	3
X:1305527-X:1322469	3
7:76650479-7:76626216	3
18:63223954-14:105644792	3
9:5304096-9:5335597	3
1:20651997-11:107665808	3
1:22067348-7:94430472	3
12:19371018-6:121449108	3
22:38336625-22:38314169	3
13:37563138-3:46447303	3
7:5527284-7:2371752	3
9:121340579-16:30056284	3
2:88952861-X:48578079	3
12:52948574-8:11842718	3
11:88293183-2:88857683	3
1:154213228-1:154223753	3
6:73491939-15:40036272	3
1:156333216-22:28797205	3
2:90367486-18:15171835	3
21:35227955-14:105626063	3
18:14814711-18:14796221	3
X:65624591-5:151663070	3
6:36452680-17:39715286	3
7:5527661-8:19361149	3
1:77240317-1:77210489	3
22:35659779-20:33647281	3
11:34087342-6:109367119	3
2:88857234-19:38728419	3
17:67720444-17:39715286	3
2:215426166-16:15410551	3
7:80850611-14:105644792	3
19:53738587-7:5527258	3
11:62513537-8:100919861	3
6:73491267-18:59329864	3
3:48259917-X:2487378	3
7:5544501-8:133250539	3
6:73510899-6:10730770	3
5:55989155-13:37563083	3
16:78161432-X:153509068	3
10:87746106-3:38492641	3
16:48167153-16:48146474	3
14:55601880-6:106971834	3
3:111412905-3:111233080	3
17:39704582-17:64322724	3
Y:20725818-1:181057120	3
2:88857240-1:154608842	3
1:156689824-1:156731991	3
10:71827732-1:156742827	3
17:2653951-6:106971834	3
6:34299901-17:50185352	3
7:44799850-8:100688740	3
5:119477894-17:39715286	3
14:71848736-4:75084703	3
11:27220047-16:82063253	3
2:111614543-2:111593711	3
19:42235002-17:39715286	3
8:119243706-12:54838624	3
17:76677291-2:88937125	3
8:9020464-8:9145251	3
10:21551921-1:61875243	3
5:151662653-19:55395109	3
8:85889653-8:86088400	3
3:46442499-2:189012405	3
1:226395124-6:106970258	3
8:99873163-5:150447735	3
12:6579459-6:106971834	3
4:31997632-12:72186441	3
4:77908375-6:106971834	3
2:88983337-19:53875850	3
7:70698620-7:70847688	3
20:58673711-20:58693737	3
22:43046410-22:42912157	3
16:56627048-17:82234138	3
1:94638437-6:106971834	3
3:195577062-6:106971834	3
20:17582091-6:106970308	3
19:54212086-7:5527258	3
1:182384195-3:58051685	3
19:48966879-7:74657667	3
14:100293987-17:39715286	3
13:99562824-2:88961962	3
7:5554167-8:144427029	3
17:62560126-3:198180755	3
8:18120894-8:18075587	3
8:85839785-8:86098904	3
2:201166414-2:88920677	3
3:102232239-3:101886712	3
17:76677291-6:73492106	3
8:86524997-6:106971834	3
8:47914498-2:88886152	3
2:88857230-1:27409859	3
12:53673696-6:106971834	3
2:88857233-22:38485966	3
2:88857176-3:105563196	3
1:25337978-1:25351626	3
19:46736150-17:39715286	3
1:234357090-1:234374230	3
7:94418606-8:56074455	3
X:153509047-16:78767479	3
19:541659-14:105743070	3
12:68641153-17:39715286	3
14:102937366-14:105743073	3
20:35272005-7:5561949	3
8:97726924-6:73525030	3
2:110423661-2:110091770	3
9:92028640-17:39715286	3
14:90861897-7:5527258	3
2:89148119-X:153509072	3
1:40075130-6:106974754	3
6:73524635-12:53665428	3
2:229908965-17:39715286	3
14:94610968-8:56074458	3
1:40712821-17:39715286	3
10:59887485-2:189011953	3
1:150748165-17:39715286	3
2:88857243-3:182893332	3
5:134618192-17:39715286	3
15:76284805-17:39715286	3
4:70664102-6:106974754	3
16:53454347-17:39715286	3
2:11641499-1:163285567	3
10:116058052-3:46472545	3
4:70235215-14:105975556	3
6:42888280-X:140735696	3
17:39713269-1:1839238	3
2:88857176-1:225597959	3
17:35861998-15:52548361	3
11:62467215-17:64501891	3
3:4885723-3:4775135	3
7:94418605-10:8055435	3
1:212306900-6:106971834	3
6:111595703-17:39715286	3
2:215361090-11:9028676	3
20:41991270-20:42079249	3
3:59736523-3:59809732	3
22:15785057-22:15541437	3
6:149346596-6:106971834	3
9:137272615-9:137278653	3
3:128672539-12:54854560	3
21:15064745-21:14857708	3
10:100362834-19:6710016	3
2:189012398-10:19988681	3
11:1299237-14:105644792	3
1:147113442-1:144425568	3
19:3978862-19:41871560	3
1:31906793-3:4983827	3
19:2017183-17:39715286	3
X:120438732-2:215407982	3
15:101966223-2:242078460	3
1:178022440-1:177973309	3
X:1330556-3:10152299	3
10:21190317-18:36109014	3
2:88857161-12:113183802	3
17:4945815-16:30064404	3
1:40259532-17:39715286	3
2:48671680-2:48776280	3
10:21766261-7:5561949	4
7:102380465-7:100197156	4
2:88857302-1:156464384	4
5:140788684-5:140978949	4
17:39634021-22:36511549	4
5:69282419-X:1243523	4
16:9093001-16:8966753	4
6:73499529-7:16784105	4
21:39342325-2:215389111	4
12:49764719-20:53561133	4
6:166943995-17:39715286	4
12:124863595-12:124913774	4
7:45542524-7:45592759	4
16:75531576-16:75473467	4
2:88857233-2:170963466	4
1:119428516-1:119507392	4
6:73924379-6:74347075	4
16:28477012-17:39715286	4
15:64821912-1:20651998	4
1:1442852-1:1497046	4
7:56021119-7:23453125	4
5:21505515-5:21965719	4
14:105707132-10:32942706	4
2:89148124-20:23082563	4
12:69353497-17:7287133	4
2:88857233-12:57695906	4
17:59620896-7:5527260	4
15:85683612-17:39715286	4
15:43755915-17:39708000	4
12:19371016-6:121449106	4
X:110595959-X:110426803	4
17:75319600-2:215385934	4
6:35787120-6:35814546	4
10:69504485-6:73489597	4
9:35790340-9:35799618	4
4:189955151-9:68399271	4
7:94431047-X:15526081	4
14:37564362-14:37622050	4
3:188347109-7:94431048	4
19:66346-2:242078460	4
17:59670297-7:5527613	4
12:53995016-12:54054850	4
4:143555581-12:54284884	4
2:89027374-3:41196242	4
1:202776105-6:106971834	4
2:89120539-11:62516467	4
12:103939119-7:5527613	4
X:153509051-2:88914918	4
14:105769120-8:116848891	4
5:178055201-3:156540536	4
2:88737412-14:105624512	4
1:25817233-7:5538305	4
6:73491267-12:51243569	4
8:100300528-17:39715286	4
17:74204190-17:74222485	4
17:75319602-6:73498883	4
10:37231680-11:47710902	4
19:53776871-4:39548937	4
3:111496888-3:111239232	4
11:3696685-17:39715286	4
22:23884429-22:23894772	4
X:49165361-X:49173129	4
11:61433056-7:76327201	4
1:179904767-17:39715286	4
15:61715115-15:61590003	4
7:5527514-10:32009667	4
1:54634703-13:23009358	4
3:101886832-3:101994561	4
19:9343784-19:9371610	4
1:40075130-6:106971834	4
3:111412941-3:111233080	4
11:33715601-10:71817384	4
2:215385795-5:151268682	4
1:182825820-1:182842545	4
6:73493562-2:237765108	4
11:66617550-11:66646027	4
12:104346155-17:39715286	4
7:100019349-6:106971834	4
21:8761306-4:49207639	4
18:65642769-18:65762647	4
19:9344225-19:9364862	4
6:30722214-22:28797205	4
7:129967640-2:237765108	4
1:64867865-6:106974754	4
14:64390467-17:39715286	4
12:124003540-6:106971834	4
2:110084004-21:33437286	4
19:41863985-6:106971834	4
2:88857242-17:63401658	4
22:37565722-17:39715286	4
4:686089-4:673401	4
21:13680612-15:21369673	4
5:180831415-15:50740441	4
4:70664102-6:106971834	4
8:47822291-2:216695085	4
22:23770131-2:216695337	4
2:88857234-19:38728413	4
17:50188800-20:23082565	4
19:39843336-14:105743073	4
12:91143870-5:55940130	4
1:222470378-7:55796092	4
X:153509058-5:151685459	4
15:60392400-9:134843172	4
6:73522848-20:3872213	4
16:1962058-11:61961040	4
10:20284327-2:188996297	4
2:89022110-11:123060791	4
7:26194793-7:5527611	4
2:88857179-2:189033501	4
10:69506240-6:73489597	4
22:35659775-20:33647281	4
6:73499528-13:48261405	4
9:41266903-9:39818924	4
6:26951086-5:69560037	4
8:143579663-20:62387321	4
16:11586886-16:11828391	4
5:179712926-6:106970802	4
10:46039986-10:46016694	4
19:9693694-19:9653881	4
8:115668545-8:116648926	4
12:53990814-12:54054850	4
2:88857321-19:17236315	4
2:89142575-19:2121327	4
3:172752272-17:39715286	4
12:4556502-12:4567955	4
1:39477143-5:55940138	4
6:44253923-8:96233227	4
3:46442501-2:189012405	4
7:5537530-3:129170414	4
12:116088794-2:188974471	4
7:5546131-12:6748320	4
22:23767834-22:23753198	4
2:215400191-X:119470984	4
19:35266498-19:35266487	4
3:179398438-6:73505106	4
11:62535649-1:226071394	4
15:39600845-15:38974235	4
12:14882675-12:53479669	4
6:73517529-8:86378558	4
1:86900680-14:105743074	4
19:15647105-19:15573738	4
19:49342438-19:49294028	4
2:88857184-8:80126389	4
5:34020305-5:34005899	4
17:74584914-17:74603850	4
7:74709690-14:102081620	4
5:61332739-5:132257696	4
11:62503596-17:7578629	4
1:15572377-4:94664872	4
15:63070303-8:100715166	4
11:35226417-14:105644792	4
17:81567954-17:39715286	4
19:14381261-19:14777023	4
19:18559130-17:39715286	4
1:65425378-1:65565546	4
7:5537530-12:113010776	4
8:449992-7:55796008	4
14:51633291-2:189012409	4
16:11586886-16:11821755	4
2:90220965-Y:11474056	4
22:36302308-22:22900976	4
12:124911569-19:41860775	4
9:122213606-9:122152408	4
2:74154010-6:73511308	4
10:133419592-10:133456237	4
11:18408464-3:51995469	4
10:100353584-X:48578079	4
5:21505498-5:21965638	4
17:39713269-12:57827590	4
19:66346-2:242051920	4
11:73272466-11:73346883	4
1:20652007-6:73525040	4
17:40687684-17:40701564	4
19:41771978-2:89083152	4
2:88857293-19:50345022	4
7:94431245-8:37698434	4
1:64867865-6:106971834	4
2:216530892-8:56074456	4
3:47959762-6:106970306	4
7:5529201-2:131263878	4
2:88857234-19:38728416	4
2:216689977-X:153509068	4
1:186353383-17:39727845	4
20:3870975-6:73510824	4
6:2881285-6:657250	4
2:215390202-1:184791972	4
1:186353383-17:39727843	4
12:53296551-17:39715286	4
11:47564351-17:39715286	4
5:151684610-19:2273010	4
8:27602604-8:56074456	4
2:88857234-1:27409857	4
5:21505515-5:21965639	4
8:37766355-15:35939715	4
6:119728051-6:120462511	4
22:41522796-14:105743071	4
16:85425025-2:88857683	4
7:64336982-7:64374567	4
21:25931509-2:88857276	4
9:71947112-19:40332643	4
7:1064391-14:105743071	4
2:43982045-6:106970708	4
16:18858211-16:22506113	4
1:32662337-6:106971834	4
17:44023039-17:43966532	4
12:54858387-7:74657667	4
1:64867865-17:39715286	4
15:55340051-2:88857683	4
2:74159091-7:5527611	4
7:5540676-20:58997753	4
15:69452969-19:53775575	4
17:38850101-2:189051117	4
5:70917048-5:70938839	4
1:160998118-2:215410742	4
17:35101201-17:35026561	4
3:170089018-6:73494085	4
14:75143941-6:106970042	4
7:81003437-7:80916819	4
6:73518731-11:755903	4
7:111593575-7:111521449	4
17:2653951-17:39715286	4
8:30687523-17:39715286	4
12:98548905-14:68799626	4
2:191262772-14:105743073	4
11:62504168-X:153509068	4
8:115668545-8:116658980	4
4:17801953-6:41969586	4
19:15628435-19:15583580	4
2:9596698-12:14882114	4
14:77507622-14:105670557	4
16:28479462-17:39715286	4
5:181236938-15:72223045	4
22:38085116-22:38083188	4
11:65847650-19:41871560	4
14:106242230-7:94431048	4
14:92071011-16:67842903	4
6:73519906-3:33855647	4
19:48966835-16:68823140	4
6:73517528-21:33813002	4
15:88901571-15:88887345	4
17:59197789-17:59212341	4
X:1305527-X:1322465	4
11:72095096-11:72107923	4
17:39710409-14:105743069	4
2:74154010-6:73502747	4
7:80850611-14:105708667	4
12:49764710-20:53574801	4
4:24660043-4:24789914	4
19:41771977-5:150400258	4
17:78975812-19:3976264	4
19:40322028-19:40265351	4
2:48591855-2:48621167	4
14:37564362-14:37499908	4
2:178104302-2:178014460	4
3:75469038-8:7152719	4
1:65430048-1:65565546	4
7:100019349-17:39715286	4
9:121248323-6:106974754	4
7:6046777-6:106971834	4
11:65239476-1:150719538	4
8:66680024-8:66793616	4
11:35226419-14:105743073	4
6:143829202-12:49005516	4
3:128672540-12:54854560	4
6:73510900-5:128188666	4
15:39600845-15:38886929	4
12:56162403-12:49764728	4
14:98927528-4:2929325	4
5:21505510-5:21965641	4
5:141263813-17:39715286	4
20:17601273-19:48965489	4
17:39692419-5:134158596	4
16:78161432-X:153509070	4
3:53237797-6:106971834	4
14:77507611-15:44714492	4
1:178037694-1:177968039	4
19:20409003-7:64691907	4
7:5544500-17:74768726	4
9:133082383-9:133064404	4
16:85672141-6:106971834	4
4:10097803-2:88857683	4
1:164651955-1:31906754	4
17:38850099-14:105869774	4
14:77027454-X:71141242	4
14:49594343-8:56074457	5
2:216506899-19:3976264	5
1:154586957-12:54854563	5
22:38336608-22:38314169	5
7:5557570-1:114725331	5
5:173576200-5:173578611	5
3:46442501-2:189012406	5
X:153509056-16:79194063	5
10:71827421-12:54854563	5
1:223701831-17:39726562	5
16:10529699-3:141945377	5
X:71299758-6:106974754	5
17:42324107-14:105743071	5
2:89111866-1:156742827	5
11:6448984-11:6440730	5
2:197489730-6:106974754	5
1:26239838-1:26197686	5
6:73524877-20:36891704	5
1:160281186-17:39715286	5
3:49377610-8:56074456	5
2:61534558-6:106974754	5
8:144086126-2:109984992	5
17:74970944-2:88857679	5
17:35522279-17:35478185	5
8:449992-7:55796050	5
19:57807409-6:73494085	5
16:11586886-16:11820297	5
5:141333105-5:141494807	5
3:125970964-3:125933696	5
6:53284003-19:3976262	5
11:72062589-6:106971834	5
10:103673438-17:39715286	5
17:38763511-7:5527258	5
19:804438-19:726138	5
2:215361466-13:30565401	5
3:195568851-1:150267814	5
21:26080780-8:56074456	5
8:449992-7:55796059	5
2:89150249-10:27110885	5
2:11641488-2:215429042	5
2:215370548-4:70656206	5
19:3469153-6:73494488	5
17:49059668-17:39211302	5
8:100712809-18:36109465	5
5:115616318-5:115581924	5
17:42137762-6:106971834	5
15:73599489-17:39715286	5
10:79766271-10:87508336	5
6:147400-7:55796092	5
8:449992-7:55796080	5
6:31463279-6:31505617	5
1:64186969-1:64205639	5
6:73510899-17:81843479	5
2:215401093-1:169127223	5
15:65884976-19:48965489	5
7:110290307-7:109841570	5
19:5173969-17:39715286	5
16:30070501-19:48617877	5
1:77283033-1:77210489	5
14:50956694-1:151769495	5
9:121248323-6:106971834	5
14:75143940-6:106970042	5
5:14315265-2:189012409	5
17:82248308-14:105743073	5
X:68514241-8:30678360	5
8:99888117-1:154156984	5
3:102232239-3:101994561	5
12:25833949-12:25801820	5
12:52914238-8:56074456	5
16:2771028-5:151662605	5
3:69100069-6:106971834	5
7:144377190-6:131712637	5
6:73491267-12:6748321	5
12:116088794-2:188974469	5
1:63655111-17:39715286	5
17:65830-1:913191	5
4:82880226-12:54854562	5
4:57078489-5:151663329	5
4:39355877-17:39715286	5
3:48287585-X:2487378	5
10:95493165-17:39715286	5
X:71140812-14:77027450	5
3:176896297-3:176420996	5
X:70199685-X:70156004	5
11:66619504-11:66639700	5
16:16333763-16:16383664	5
3:69100069-17:39715286	5
10:102398145-14:105708667	5
7:5550354-17:74768727	5
11:62454303-8:11843785	5
2:11641498-2:215434120	5
1:43211450-17:39715286	5
10:32906465-6:106974754	5
6:73506697-6:75919127	5
14:105878079-17:39727840	5
19:9324780-19:9371610	5
9:121340579-6:73491943	5
16:18858211-16:22506138	5
19:1555365-19:1555379	5
2:88857293-7:885658	5
12:123590449-7:5561949	5
2:215405600-6:106971836	5
3:4885723-3:4765277	5
5:21505510-5:21965638	5
6:73507987-17:50184442	5
15:63071216-20:58880854	5
6:158766316-2:215401110	5
6:73524878-1:160288988	5
2:88857234-19:38728422	5
1:154173539-6:106974754	5
5:67214577-5:67619791	5
1:25337040-1:25351626	5
14:105624346-8:108366451	5
6:31138252-6:30007029	5
3:153576568-12:49100925	5
12:19371016-6:121449104	5
4:151104677-19:41860775	5
6:147509387-6:148390134	5
16:11849258-17:39715286	5
16:981345-7:156680404	5
10:37241273-10:37262483	5
2:88857170-8:108366451	5
X:44005876-X:43958852	5
X:153509048-16:79194063	5
3:8683458-11:3477032	5
2:88857174-3:49381017	5
11:62637904-17:39727843	5
1:108373202-1:108450567	5
1:154213182-6:106971834	5
3:149380050-3:149475823	5
1:1442852-1:1450681	5
15:43564103-15:43648063	5
13:45391737-8:30678373	5
19:16077943-6:106970647	5
7:5544500-17:74768727	5
2:11641488-2:215389819	5
7:26171547-8:56074450	5
5:141350299-5:141494807	5
19:52765296-19:53492917	5
8:98026189-12:49763621	5
1:154586960-12:54854562	5
11:65239480-1:150719538	5
8:449992-7:55796062	5
X:71140788-14:77027450	5
2:61534558-6:106971834	5
12:54284810-4:143555505	5
14:92733682-17:39715286	5
12:14882120-17:59717385	5
2:197489730-6:106971834	5
2:11641486-12:6682376	5
1:22069318-17:39715286	5
15:39587321-15:39109798	5
8:85885994-8:86088400	5
20:58898270-10:71817384	5
17:44019238-17:43966532	5
2:218284039-17:39715286	5
2:88937655-3:14944844	5
15:21324988-15:20759907	5
8:449992-7:55796056	5
1:182384195-12:124916026	5
1:178022440-1:177985062	5
18:36121155-12:49764724	5
7:142375591-6:70589030	5
7:99377647-7:94430478	5
1:15572376-4:94664871	5
2:89150227-8:100703144	5
2:215169041-2:215138556	6
14:105670150-6:169216425	6
5:151684611-19:2273010	6
2:237334773-14:105743067	6
9:42972623-6:110858924	6
8:435707-9:138243620	6
5:83581316-2:237410312	6
15:39617735-15:39071608	6
6:35798941-6:35786998	6
6:29663325-1:20651838	6
6:151641483-6:151687589	6
19:15658397-19:15583580	6
3:148860183-7:74657667	6
17:36183619-17:36211776	6
2:88857277-17:50135413	6
7:80486587-17:39715286	6
1:25817233-7:5550042	6
1:27370596-1:27374451	6
19:48965481-5:179811525	6
8:140660601-17:39715286	6
6:73517530-6:144548282	6
7:80850611-14:105743073	6
8:449992-7:55796057	6
14:89931541-14:89629136	6
15:64115706-17:39715286	6
2:88865344-X:153509070	6
17:65830-1:908382	6
1:35509160-14:105743073	6
1:165799918-17:39715286	6
7:115030768-7:116731668	6
11:33733495-6:106974754	6
7:2371770-7:5527266	6
X:71141298-14:77027444	6
1:21480981-1:147110847	6
18:61892795-18:61592623	6
19:49515269-17:39715286	6
9:42972622-6:110858924	6
12:71885021-12:71782031	6
17:39713269-7:74689124	6
5:151803636-17:39715286	6
17:48844026-17:39715286	6
1:85496166-1:85351579	6
1:32230376-17:39715286	6
1:156697864-1:156731991	6
6:35787120-6:35805537	6
5:14481785-12:56663690	6
13:70436816-13:69975802	6
5:140850889-5:140978949	6
12:91175341-12:49764665	6
9:130471701-14:105743071	6
9:97291487-9:97307736	6
19:203875-7:55796092	6
19:14388818-19:14772497	6
10:79826401-10:87342434	6
7:99377646-7:94430478	6
X:149529367-X:149504293	6
2:27441807-14:105708667	6
1:25817233-7:5551535	6
19:42977644-X:131399704	6
2:88952861-19:53875850	6
8:100712806-18:36109465	6
20:30391308-9:68399271	6
10:102398145-14:105743071	6
16:28482105-16:28353061	6
3:33142668-6:73511462	6
18:50945260-16:75305182	6
15:88899375-15:88887345	6
21:39342324-2:215389110	6
7:5540676-12:52898899	6
7:1472346-14:105743074	6
20:23603728-20:23565037	6
11:66617057-11:66649736	6
15:21324988-15:20761178	6
18:32092886-18:32087898	6
7:26212583-2:215407982	6
X:120438732-2:215423214	6
2:88857252-16:67861840	6
2:37104015-17:39715286	6
15:39600845-15:39190166	6
17:15545785-17:15453085	6
6:73506698-6:75919127	6
13:114337626-13:114346167	6
22:38485700-12:52938157	6
2:37122506-13:37563370	6
6:106970267-11:69642553	6
17:38764179-14:21615701	6
11:66617057-11:66665856	6
13:39014122-13:39014133	6
3:32239119-3:32441840	6
14:92741062-6:106971834	6
6:73517531-21:33813004	6
14:49580888-12:54854563	6
12:52914239-8:56074456	6
3:75361952-2:71028916	6
5:140797352-5:140978949	6
2:10787281-2:10770055	6
8:18386910-8:18399998	6
7:6009378-7:100338179	6
11:35226417-14:105743073	6
12:49764057-2:89118949	6
8:74571893-8:74496872	6
3:11693045-17:39715286	6
19:40244319-17:39715286	6
11:44083311-11:44107683	6
7:27492773-7:27616647	6
12:91140456-1:153358269	6
6:73491266-5:42800153	6
1:20652005-2:88979612	6
6:73524878-6:36141672	6
11:65239475-1:150719539	6
7:140474381-17:39715286	6
14:105777962-3:51995469	6
20:45138517-20:45124265	6
5:151684610-1:228098260	6
19:9352004-19:9364862	6
5:119472576-17:39715286	7
12:21419552-5:90965415	7
2:27441807-14:105626068	7
15:69455201-19:53775643	7
10:42752102-22:15823198	7
19:1925107-1:52814032	7
2:88857293-10:102376118	7
1:154173539-6:106971834	7
18:63223954-14:105743073	7
1:27668226-1:27660722	7
10:116058053-5:150657418	7
11:2981702-17:39715286	7
4:683210-4:673401	7
11:86808897-18:41501094	7
18:7567891-18:7079320	7
12:26326384-1:84325637	7
1:225789486-17:39718737	7
14:35310299-17:39715286	7
12:27800334-Y:8665279	7
2:61534558-17:39715286	7
4:39549367-8:127180449	7
7:5560864-1:152032825	7
2:10784934-2:10770055	7
12:49100927-3:153576429	7
X:153509048-5:151685459	7
X:71271296-2:215361077	7
1:733307-1:913046	7
16:3058669-16:3065784	7
14:102000717-6:106971834	7
10:73377445-17:39715286	7
1:153969753-17:39715286	7
6:2881285-6:637861	7
X:119577066-17:39715286	7
15:43762818-7:94431048	7
2:88857295-22:21865308	7
15:78720177-5:90965415	7
13:45380001-12:31117484	7
8:99883447-5:55940138	7
8:219290-7:55796092	7
1:20651837-6:29672290	7
16:14482270-17:39715286	7
6:73491401-7:94430478	7
5:176199236-5:177950309	7
5:178166424-1:156593945	7
21:39342324-2:89130296	7
5:181236944-11:62511262	7
9:121332718-10:71847672	7
3:33142664-6:73492112	7
8:100688433-19:48965491	7
13:37567240-8:100919606	7
3:59536997-3:59809732	7
14:105741355-5:138621955	7
7:56021119-12:104676436	7
16:18858211-16:22513764	7
6:73503127-1:184791973	7
2:142863149-2:142885349	7
12:106276415-17:39715286	7
11:9392320-17:39715286	7
17:15503098-17:15453085	7
5:177229886-17:39715286	7
15:43750088-15:44717672	7
19:3469154-6:73496486	7
19:39433387-2:88857683	7
7:99968155-7:99923603	7
9:83816996-9:83915678	7
4:81154102-8:127290060	7
2:88857161-7:74657667	7
11:33733495-6:106971834	7
X:71299758-6:106971834	7
2:88983318-1:6223106	7
15:53540975-5:90965415	7
6:73517528-3:37304077	7
17:41852784-15:39596322	7
13:35070852-21:10127330	7
4:157929612-4:157805342	7
1:165797697-17:39715286	7
5:67216597-5:67619791	7
17:42137762-17:39715286	7
11:62493402-7:99968430	7
3:178860294-16:82063253	7
6:73517533-4:139558206	7
15:72221562-8:56074456	8
2:27441807-14:105644792	8
20:25007766-20:24984019	8
2:188974457-2:26041040	8
13:45379335-12:31117484	8
19:34195320-17:39715286	8
6:73517529-8:115477824	8
19:57371908-19:57410880	8
6:73491400-7:94430478	8
2:88857241-1:183077548	8
1:45542528-7:94430472	8
4:77179066-17:39715286	8
19:14471797-14:105680173	8
17:67826337-17:46511511	8
12:10407636-12:10390027	8
18:32092886-18:32068298	8
12:14880829-8:96233227	8
1:85575832-1:85358847	8
12:124567308-12:124913774	8
15:72221564-8:56074456	8
19:41457264-6:73517618	8
17:76733377-17:76736190	8
2:197503128-2:197523624	8
2:88865344-X:153509066	8
2:27431991-17:39715286	8
1:31906764-2:88914921	8
10:71850058-1:226071585	8
10:92479628-17:79936886	8
8:18387036-8:18399998	8
17:82248306-14:105743071	8
14:99124000-2:189011951	8
X:71537110-17:39715286	8
14:106055953-2:94972018	8
11:46213335-19:16102342	8
2:88857176-8:80126385	8
2:11641502-6:73511794	8
Y:8665303-12:27800352	8
X:149499229-17:39715286	8
14:105743073-15:64156389	8
17:80369399-17:39708000	8
X:151727200-X:151738458	8
1:25267740-1:25342961	8
6:57161152-6:57182032	8
12:124003540-17:39715286	8
10:119207739-5:132257696	8
2:27441807-14:105771408	8
16:28477737-16:28353061	8
1:184791996-2:215390222	8
20:35544819-14:102081301	8
13:45378671-12:31117484	8
14:77507622-2:88934873	8
1:204199195-1:204192914	8
11:34083041-11:43854715	8
19:50908579-19:50887874	8
12:118415939-2:189012409	8
10:37232567-11:47710902	8
6:73517564-11:63692898	8
19:14471795-14:105559748	8
19:54212088-7:5527258	8
10:102398145-14:105743073	8
17:59620898-7:5527260	8
10:37130378-10:45190250	8
1:16665527-1:149672575	8
2:188974458-19:41762417	9
2:188974453-12:102478325	9
5:68531760-5:68433585	9
20:58671297-20:58691724	9
10:71827421-12:54854562	9
19:10400575-17:39715286	9
2:215400967-8:97726919	9
9:87759212-20:4120980	9
12:71880607-12:71782031	9
20:50776743-20:50818211	9
9:111926496-7:5561949	9
22:38336125-22:38314169	9
14:92741062-17:39715286	9
8:18014778-8:18014746	9
3:195582617-17:39715286	9
7:99968154-7:99929620	9
2:74940739-2:74959341	9
7:26212581-2:215423214	9
1:202776105-17:39715286	9
6:75777570-17:39715286	9
9:2069059-17:39715286	9
1:54849599-1:153358269	9
10:102398145-14:105669847	9
1:23713109-18:722813	9
3:124901266-17:39715286	9
2:189011985-14:102081500	9
15:60394574-6:106971834	9
16:57641708-17:39715286	9
2:48591855-2:48620851	9
16:28476251-16:28353061	9
5:21505515-5:21965641	9
8:18173937-8:18121057	9
X:103378058-12:65964276	9
8:18056462-7:94426936	9
14:92742909-17:39715286	9
9:130091539-2:215361077	9
6:75758120-17:39715286	9
19:1386639-8:56301573	9
17:27297308-17:39715286	9
15:75883424-15:75913203	9
9:62831233-9:39818924	9
12:14882119-17:35628928	9
19:41862649-8:100919606	9
11:66617057-11:66643859	9
5:44745211-5:44658557	9
4:10072775-5:69308581	9
14:73970010-14:73946605	9
1:147099479-1:21484133	9
8:117225732-8:117173488	9
6:75075944-6:74636631	9
15:60394574-6:106974754	9
16:87834531-14:105743073	9
12:53995016-12:54047769	9
16:14591913-17:39715286	9
5:151786985-17:39715286	9
2:47160180-2:89025614	9
9:134701464-14:105743070	9
17:39690930-17:38919034	9
1:60660141-6:152102785	9
19:51001098-19:50981914	10
12:53990814-12:54047769	10
7:92810943-7:56011871	10
6:73503127-1:184791972	10
12:14880827-5:150447735	10
2:190971289-2:88857683	10
6:73491402-7:94430478	10
6:73517528-8:86378557	10
12:31121139-13:45378607	10
8:18341179-8:18222525	10
7:92663578-7:56011871	10
X:12976762-6:30725269	10
6:73502897-1:145993799	10
19:1032921-17:39715286	10
12:68762014-2:99196355	10
7:30923621-2:88857683	10
1:20651997-14:105670438	10
19:19774945-3:156541489	10
7:26212582-2:89034798	10
13:45377215-12:31117480	10
17:67826337-17:46517362	10
3:150585394-17:39715286	10
X:153509050-5:151685459	10
6:167995513-6:167978370	10
19:22052635-19:21640625	10
2:88857237-6:151666694	10
12:10407636-12:10391891	10
2:27441807-14:105743073	10
6:73491267-4:87494369	10
4:57464372-4:57491394	10
5:115616318-5:115581197	10
6:106970267-2:88993393	10
16:28477464-16:28353061	10
3:49009024-17:39715286	10
14:99124000-2:189011952	10
8:18380318-8:18222527	10
10:32906465-6:106971834	10
19:1037000-17:39715286	11
13:45383169-12:31116469	11
16:58624673-17:39715286	11
13:24017701-13:24222819	11
13:45377154-12:31117480	11
1:1885870-15:44717672	11
18:14588658-18:14538249	11
17:39691582-5:55940138	11
7:115030768-7:116724772	11
10:45193805-10:37133916	11
8:11843237-12:52938906	11
1:203802724-2:215429045	11
15:43564103-15:43640496	11
7:102566582-7:102545471	11
15:88901551-15:88895528	11
2:237334774-14:105626063	11
7:94430417-8:100937309	11
10:102398145-14:105644792	11
10:87288442-10:87508336	11
19:14773938-19:14390924	11
4:24660043-4:24799506	11
19:1106396-14:105743071	11
2:202300348-16:60024787	11
9:97294110-9:97307736	11
7:26212583-15:40563710	11
22:22891246-7:5527613	11
6:73517528-21:33813004	11
3:10153601-16:2240516	11
12:53990814-12:54118604	11
6:29672337-1:20651804	12
2:88857239-2:216134670	12
2:215390201-4:39549302	12
10:116058053-5:150657415	12
10:87246115-10:87508336	12
17:10320512-17:10406148	12
2:88857322-1:65009397	12
14:19054711-22:15778010	12
3:49488745-17:39715286	12
7:26212582-2:88998240	12
6:33300662-2:89029972	12
5:70901933-5:70938839	12
5:150518919-17:39715286	12
2:215400192-14:102081500	12
7:5557569-1:114725331	12
13:110200423-2:88857683	12
15:39600849-15:39071608	12
5:141372809-5:141494807	12
1:203802725-2:215389821	12
3:46459255-14:105743071	12
14:102083043-2:241314169	12
4:190174936-18:20959849	12
18:14660484-18:14538249	13
8:86524814-17:39715286	13
2:74154017-6:73494090	13
2:218846762-2:218871027	13
12:91143878-5:55940138	13
1:147113442-1:21480930	13
2:88865344-X:153509068	13
1:46905969-1:47029990	13
2:237323968-19:41860775	13
15:69455541-2:88858528	13
6:168389732-6:168509915	13
19:9341184-19:9371610	13
11:88296133-11:88149955	13
1:25337040-1:25342961	13
7:26212581-15:40563710	13
10:19790186-10:20001775	13
3:111496888-3:111233080	13
10:20286741-17:65052171	13
4:157929612-4:157803701	13
4:2873135-17:39715286	13
2:88857228-22:17180192	13
8:143579779-8:143577943	13
14:105741907-21:46000514	13
15:101966223-2:242051920	13
17:39692417-19:3976264	13
19:17830108-19:17817059	13
8:86524997-17:39715286	13
7:92749352-7:56011869	13
13:45391737-8:30678372	13
11:72062589-17:39715286	14
1:22074219-17:39715286	14
19:14381545-19:14774306	14
17:7240427-2:89002095	14
1:85488291-1:85358847	14
16:18858171-16:22507337	14
1:203814972-17:39715286	14
2:88857242-20:62318059	14
17:35607787-2:189012409	14
15:39594055-15:39071608	14
13:45383235-12:31116469	14
6:30724523-11:62498972	14
13:45377215-12:31116469	14
2:188997025-1:155336371	14
20:23603621-20:23566087	14
7:5527626-17:75779725	14
10:46038966-10:46016694	15
6:73489274-19:55386350	15
6:73491265-22:37806728	15
2:89111866-12:54854562	15
5:134900410-9:81977054	15
4:157929612-4:157677333	15
11:66625678-11:66646027	15
1:224395134-7:94431048	15
2:188996284-1:155336371	15
1:236525545-17:39715286	15
17:35607788-2:189012409	15
2:88983336-X:48578079	15
6:73510899-2:216675595	15
5:21505515-5:21965638	15
12:6538408-20:62387321	16
9:97290902-9:97307736	16
17:35522279-17:35480195	16
15:40562772-7:26201769	16
13:45381217-12:31117480	16
2:88952860-X:48578079	16
1:154213182-17:39715286	16
14:35274291-17:39715286	16
9:121323385-19:48965491	16
8:117186783-8:117173488	16
2:55092219-12:14882114	16
3:53237797-17:39715286	16
6:73524876-20:36891704	16
16:18858171-16:22513522	16
12:11918726-12:11891597	16
1:32673580-17:39715286	16
2:1669714-17:39715286	17
5:10461359-5:10479371	17
12:53673696-17:39715286	17
3:132681914-3:132644896	17
5:140836738-5:140978949	17
19:9324780-19:9376316	17
1:805799-7:55796092	17
2:213214518-2:213148644	17
1:32662337-17:39715286	17
1:204201633-1:204192914	17
1:9871187-1:9773394	17
19:9343784-19:9364862	17
1:25338069-1:25342961	17
2:61514062-17:39715286	17
7:6046777-17:39715286	18
22:26524480-10:37340116	18
15:88905757-15:88887345	18
16:11551707-17:39715286	18
6:33300662-6:73507985	18
2:229900737-17:39715286	18
19:11449987-17:39715286	18
19:15927430-19:15573738	18
14:102000717-17:39715286	18
2:88845966-19:55386350	18
6:73510899-14:102084547	18
X:16152635-X:16167482	18
17:37369370-17:39715286	19
12:54017414-12:54047769	19
15:69160757-9:83712498	19
11:33733495-17:39715286	19
5:113025598-3:120395681	19
5:34064263-5:34035758	19
1:154945572-1:154932415	19
12:6579459-17:39715286	19
16:22506235-16:18879719	19
22:38500431-14:105743073	19
7:77490111-7:77406105	20
4:87498455-2:189011953	20
15:39588397-15:39071608	20
X:71288534-17:39715286	20
3:46442500-2:189012406	20
16:30070493-16:89560940	20
17:62560126-11:169052	20
11:1836861-11:1839675	20
4:105552193-4:105456745	20
15:88901551-15:88887345	20
19:15914762-19:15583580	20
12:16383604-17:39715286	21
14:55601880-17:39715286	21
1:733307-1:908382	21
2:202300342-16:60024793	21
20:58673711-20:58691405	21
16:18858170-16:22513424	21
11:66625678-11:66639700	21
5:173576200-5:173579470	21
22:24583808-22:24607954	21
6:73491266-8:116656005	21
1:155763312-1:155637492	21
13:45378671-12:31116469	21
19:16095893-17:39715286	21
X:71299758-17:39715286	22
11:61967458-7:100673823	22
15:43564867-15:43640496	22
19:9341184-19:9376316	22
5:181236944-2:88974141	22
7:102566997-7:102545420	22
19:40668020-11:96092230	22
5:67215104-5:67619791	22
10:32906465-17:39715286	23
2:188996313-5:55940138	23
15:39587321-15:39071608	23
8:18222527-8:18371236	23
17:15516419-17:15438200	23
8:18343777-8:18222527	23
13:45383235-12:31117480	23
12:12914764-6:73515519	23
16:30193358-16:30288785	23
16:18858170-16:22507337	24
15:88901551-15:88893112	24
16:18858211-16:22513424	24
7:65554578-1:144630862	24
9:86084920-17:39715286	24
20:45365686-20:45408460	24
6:36598526-17:39715286	24
17:40687436-17:40699921	24
7:97928082-7:97869813	24
10:49885203-10:42791627	24
3:129908023-15:44717674	25
12:6538409-19:41860775	25
15:39600845-15:39109798	25
2:88879783-19:11450413	25
1:733307-1:913191	25
5:44808642-5:44658557	25
19:34467014-19:34490376	25
6:30722214-8:99892052	25
1:226071576-2:215387752	26
20:23605610-20:23566087	26
17:46094560-17:46570869	26
12:6348071-12:6334244	26
2:89148119-X:153509068	26
7:102566997-7:102545471	27
16:60024605-2:202303410	27
4:70664102-17:39715286	27
17:46094560-17:46352930	27
19:40691592-19:40686995	28
7:44800543-17:39715286	28
20:45367618-20:45408460	28
3:195577062-17:39715286	28
22:23766128-22:23753198	29
17:39730263-17:39737970	29
2:88845961-3:51995469	29
5:70983775-5:69534694	29
1:204213882-1:204192914	30
16:77191633-16:77170830	30
7:65554578-18:15184236	31
13:48255437-17:39715286	31
5:34020587-5:34005899	32
1:85496166-1:85360537	32
10:69507649-9:111934341	33
16:48165693-16:48146474	33
2:89148119-X:153509070	34
12:12914764-6:73511655	34
6:73511785-15:63071203	34
1:150110627-1:150150912	34
10:37241273-10:37248118	34
6:35797459-6:35786998	34
3:120675939-3:120750523	35
5:141346457-5:141494807	37
17:15503098-17:15438200	37
3:15563358-3:15489637	37
10:133402773-10:133456237	37
11:66617550-11:66639700	39
5:140824127-5:140978949	40
19:2247869-19:2250337	40
1:178022440-1:177968039	40
4:682781-4:673401	41
19:22052635-19:21640621	41
6:31120881-6:29929648	41
6:73510900-12:54854562	41
1:154176854-17:39715286	42
11:6449306-11:6440730	42
2:197489730-17:39715286	44
6:31059797-6:29888179	47
17:39635726-17:39653481	47
16:18858170-16:22513523	48
2:89149998-8:56074456	49
19:9324780-19:9364862	50
9:72874016-4:95104408	50
12:6348727-12:6334244	51
11:122538653-6:30725269	52
12:10407636-12:10388875	53
22:36190233-13:99494501	54
1:151178001-1:151170103	55
20:58673711-20:58691034	55
5:140803591-5:140978949	57
22:23882869-22:23894772	57
19:40692951-19:40686995	58
5:141376507-5:141494807	60
1:43385046-1:43365623	61
6:79312368-6:79215022	61
2:86620330-2:86542312	62
1:117225109-1:117170171	63
15:40561981-7:26201745	64
4:686532-4:673401	65
9:97294991-9:97307736	65
12:53990814-12:54053160	66
11:66617057-11:66643450	67
12:53995016-12:54053160	67
X:71141271-14:77027444	67
5:115620435-5:115581315	68
5:40764514-5:40747019	69
6:31660321-6:31651776	70
7:97928082-7:97872449	70
11:88300530-11:88149955	70
6:73510899-X:154399517	72
3:149285182-3:149386368	76
17:46704854-17:64892600	81
6:44232428-6:44248630	82
13:36248606-13:36202093	83
5:141341395-5:141494807	85
8:435707-7:55796092	90
16:18858211-16:22507337	90
17:67894165-17:68037110	93
19:9341184-19:9364862	93
19:1274440-19:1277183	93
6:127473080-6:127454101	96
5:141366751-5:141494807	96
20:23603621-20:23565037	102
17:15545785-17:15438200	103
17:15540433-17:15438200	104
5:70979869-5:69534694	105
5:141357621-5:141494807	115
5:140858436-5:140978949	116
15:39600845-15:39071608	117
5:141352669-5:141494807	118
1:85577984-1:85358847	126
17:46704854-17:64898459	126
1:178026155-1:177968039	133
6:31145759-6:30261458	134
5:140830485-5:140978949	145
5:140871494-5:140978949	154
17:39730263-17:39742252	155
16:30193358-16:30288681	159
12:54017414-12:54053160	176
17:15516419-17:15440285	194
16:18858211-16:22513522	199
7:99971745-7:99929620	203
5:140809572-5:140978949	225
5:141362556-5:141494807	226
17:15540433-17:15440285	239
17:15545785-17:15440285	272
16:18858170-16:22513522	286
20:58673711-20:58691724	291
11:66617057-11:66639700	304
1:85496166-1:85358847	308
11:66617057-11:66646027	328
17:15503098-17:15440285	400
11:117195915-11:117203002	412
5:115616318-5:115581315	428
7:99971746-7:99923603	608
17:47592545-17:38191030	608
1:84563257-1:84501970	661
