chrUp	breakpointUp	chrDw	breakpointDw	fusionGenePair	breakpointID
22	40366498	22	40400696	ADSL::SGSM3	22:40366498-22:40400696
7	99971746	7	99923603	AZGP1::GJC3	7:99971746-7:99923603
19	1274440	19	1277183	CIRBP::C19orf24	19:1274440-19:1277183
1	84563257	1	84501970	CTBS::GNG5	1:84563257-1:84501970
1	9871187	1	9773394	CTNNBIP1::CLSTN1	1:9871187-1:9773394
11	88300530	11	88149955	CTSC::RAB38	11:88300530-11:88149955
8	143579779	8	143577943	EEF1D::NAPRT1	8:143579779-8:143577943
13	31946181	13	32078834	EEF1DP3::FRY	13:31946181-13:32078834
4	83463494	4	83453945	FAM175A::HELQ	4:83463494-4:83453945
9	83816996	9	83915678	GKAP1::KIF27	9:83816996-9:83915678
3	15563358	3	15489637	HACL1::COLQ	3:15563358-3:15489637
17	46094560	17	46570869	KANSL1::ARL17A	17:46094560-17:46570869
6	57959028	17	46352930	LINC00680::ARL17B	6:57959028-17:46352930
10	124760317	6	57926510	METTL10::GUSBP4	10:124760317-6:57926510
1	146147661	10	124706886	NOTCH2NL::FAM53B	1:146147661-10:124706886
5	40764514	1	146145057	PRKAA1::NBPF10	5:40764514-1:146145057
12	6348727	5	40747019	SCNN1A::TTC33	12:6348727-5:40747019
7	45768660	12	6334244	SEPT7P2::TNFRSF1A	7:45768660-12:6334244
11	117195915	7	56021231	SIDT2::PSPH	11:117195915-7:56021231
6	44232428	11	117203002	SLC29A1::TAGLN	6:44232428-11:117203002
1	100015420	6	44248630	SLC35A3::HSP90AB1	1:100015420-6:44248630
1	100017815	1	100049909	SLC35A3::HIAT1	1:100017815-1:100049909
1	153960572	1	153955166	SLC39A1::CRTC2	1:153960572-1:153955166
1	153962220	1	156246756	SLC39A1::PAQR6	1:153962220-1:156246756
1	156249569	17	30631755	SMG5::LRRC37BP1	1:156249569-17:30631755
17	30610942	10	49973011	SMURF2P1::LINC00843	17:30610942-10:49973011
10	49958479	10	49973012	TIMM23B::LINC00843	10:49958479-10:49973012
10	49958480	19	34490376	TIMM23B::WTIP	10:49958480-19:34490376
19	34467014	12	6448737	UBA2::CD27-AS1	19:34467014-12:6448737
12	6464890	12	6448757	VAMP1::CD27-AS1	12:6464890-12:6448757
1	150110627	1	150150912	VPS45::PLEKHO1	1:150110627-1:150150912
21	39391836	21	39462375	WRB::SH3BGR	21:39391836-21:39462375
