#gene1	gene2	strand1(gene/fusion)	strand2(gene/fusion)	breakpoint1	breakpoint2	site1	site2	type	split_reads1	split_reads2	discordant_mates	coverage1	coverage2	confidence	reading_frame	tags	retained_protein_domains	closest_genomic_breakpoint1	closest_genomic_breakpoint2	gene_id1	gene_id2	transcript_id1	transcript_id2	direction1	direction2	filters	fusion_transcript	peptide_sequence	read_identifiers
AC092807.3	DDAH1	-/-	-/-	chr1:85496166	chr1:85358847	exon/splice-site	CDS/splice-site	deletion/read-through	71	119	238	504	740	high	.	.	|Arginine_deiminase(100%)	.	.	ENSG00000282057.1	ENSG00000153904.21	ENST00000498304.5	ENST00000284031.13	upstream	downstream	duplicates(49),low_entropy(21),mismappers(1),mismatches(24)	AGCGGCTCCTCAAGTCCTGCCCAAAGACCGTCCAGAAACCCCAGCCTCCCGTCGCCTTCTCGCCGCCTCCGCTGGGAGCCGCAGATCAGTCCAAGTTGACGGACAGGAGGCGAAATGTGCAAATGTTTATGG___TTTCATCTGTATGGAAAAGGAGCTCTGGTAACTTTGGCCAAGACTTTTCAGTAGGAAATGCTTCAAAATACAAAGCAAGAGCTATTTTCAAGAAAGACCTTCTAAATTTATATTAG|GTTGACATGATGAAAGAAGCATTAGAAAAACTTCAGCTCAATATAGTAGAGATGAAAGATGAAAATGCAACTTTAGATGGCGGAGATGTTTTATTCACAG___GCAGAGAATTTTTTGTGGGCCTTTCCAAAAGGACAAATCAACGAGGTGCTGAAATCTTGGCTGATACTTTTAAG___GACTATGCAGTCTCCACAGTGCCAGTGGCA	.	SRR8615416.1944079,SRR8615416.1944089,SRR8615416.1944094,SRR8615416.1944096,SRR8615416.1944097,SRR8615416.1944098,SRR8615416.1944102,SRR8615416.1944107,SRR8615416.1944111,SRR8615416.1944115,SRR8615416.1944116,SRR8615416.1944118,SRR8615416.1944120,SRR8615416.1944121,SRR8615416.1944122,SRR8615416.1944125,SRR8615416.1944126,SRR8615416.1944127,SRR8615416.1944128,SRR8615416.1944129,SRR8615416.1944132,SRR8615416.1944133,SRR8615416.1944134,SRR8615416.1944135,SRR8615416.1944136,SRR8615416.1944138,SRR8615416.1944141,SRR8615416.1944142,SRR8615416.1944143,SRR8615416.1944144,SRR8615416.1944145,SRR8615416.1944146,SRR8615416.1944147,SRR8615416.1944148,SRR8615416.1944149,SRR8615416.1944154,SRR8615416.1944155,SRR8615416.1944158,SRR8615416.1944164,SRR8615416.1944166,SRR8615416.1944167,SRR8615416.1944169,SRR8615416.1944170,SRR8615416.1944171,SRR8615416.1944172,SRR8615416.1944173,SRR8615416.1944174,SRR8615416.1944178,SRR8615416.1944180,SRR8615416.1944181,SRR8615416.1944187,SRR8615416.1944190,SRR8615416.1944193,SRR8615416.1944194,SRR8615416.1944198,SRR8615416.1944199,SRR8615416.1944202,SRR8615416.1944203,SRR8615416.1944204,SRR8615416.1944205,SRR8615416.1944206,SRR8615416.1944208,SRR8615416.1944209,SRR8615416.1944211,SRR8615416.1944212,SRR8615416.1944213,SRR8615416.1944215,SRR8615416.1944216,SRR8615416.1944217,SRR8615416.1944230,SRR8615416.1944233,SRR8615416.1944235,SRR8615416.1944236,SRR8615416.1944237,SRR8615416.1944238,SRR8615416.1944239,SRR8615416.1944240,SRR8615416.1944241,SRR8615416.1944242,SRR8615416.1944243,SRR8615416.1944244,SRR8615416.1944245,SRR8615416.1944246,SRR8615416.1944247,SRR8615416.1944250,SRR8615416.1944252,SRR8615416.1944256,SRR8615416.1944258,SRR8615416.1944259,SRR8615416.1944262,SRR8615416.1944264,SRR8615416.1944267,SRR8615416.1944271,SRR8615416.1944272,SRR8615416.1944273,SRR8615416.1944274,SRR8615416.1944275,SRR8615416.1944276,SRR8615416.1944278,SRR8615416.1944280,SRR8615416.1944282,SRR8615416.1944284,SRR8615416.1944288,SRR8615416.1944289,SRR8615416.1944290,SRR8615416.1944292,SRR8615416.1944293,SRR8615416.1944294,SRR8615416.1944295,SRR8615416.1944296,SRR8615416.1944297,SRR8615416.1944298,SRR8615416.1944299,SRR8615416.1944300,SRR8615416.1944301,SRR8615416.1944302,SRR8615416.1944303,SRR8615416.1944304,SRR8615416.1944305,SRR8615416.1944307,SRR8615416.1944308,SRR8615416.1944309,SRR8615416.1944311,SRR8615416.1944312,SRR8615416.1944314,SRR8615416.1944316,SRR8615416.1944317,SRR8615416.1944318,SRR8615416.1944319,SRR8615416.1944320,SRR8615416.1944321,SRR8615416.1944322,SRR8615416.1944323,SRR8615416.1944324,SRR8615416.1944333,SRR8615416.1944335,SRR8615416.1944338,SRR8615416.1944339,SRR8615416.1944341,SRR8615416.1944343,SRR8615416.1944344,SRR8615416.1944345,SRR8615416.1944351,SRR8615416.1944353,SRR8615416.1944354,SRR8615416.1944355,SRR8615416.1944356,SRR8615416.1944357,SRR8615416.1944358,SRR8615416.1944359,SRR8615416.1944360,SRR8615416.1944362,SRR8615416.1944366,SRR8615416.57191416,SRR8615416.57306380,SRR8615416.57884221,SRR8615416.1944083,SRR8615416.1944137,SRR8615416.1944195,SRR8615416.1944287,SRR8615416.1944326,SRR8615416.1944336,SRR8615416.1944340,SRR8615416.1944342,SRR8615416.1944352,SRR8615416.1944374,SRR8615416.1944376,SRR8615416.1944387,SRR8615416.1944388,SRR8615416.1944390,SRR8615416.1944393,SRR8615416.1944395,SRR8615416.1944400,SRR8615416.1946867,SRR8615416.1946868,SRR8615416.1946869,SRR8615416.1946871,SRR8615416.1946883,SRR8615416.1946889,SRR8615416.1946890,SRR8615416.1946893,SRR8615416.1946899,SRR8615416.1946913,SRR8615416.1946923,SRR8615416.1946925,SRR8615416.1946935,SRR8615416.1946952,SRR8615416.1946954,SRR8615416.1946955,SRR8615416.1946970,SRR8615416.1946972,SRR8615416.1946980,SRR8615416.1946984,SRR8615416.1946996,SRR8615416.1947009,SRR8615416.1947010,SRR8615416.1947025,SRR8615416.1947074,SRR8615416.1947090,SRR8615416.1947091,SRR8615416.1947094,SRR8615416.1947100,SRR8615416.1947103,SRR8615416.1947104,SRR8615416.1947112,SRR8615416.1947113,SRR8615416.1947120,SRR8615416.1947122,SRR8615416.1947126,SRR8615416.1947129,SRR8615416.1947133,SRR8615416.1947143,SRR8615416.1947144,SRR8615416.1947175,SRR8615416.1947452,SRR8615416.1947523,SRR8615416.1947524,SRR8615416.1947539,SRR8615416.1947591,SRR8615416.1947596,SRR8615416.1947620,SRR8615416.1947657,SRR8615416.1947658,SRR8615416.1947664,SRR8615416.1947676,SRR8615416.1947687,SRR8615416.1947695,SRR8615416.1947704,SRR8615416.1947712,SRR8615416.1947729,SRR8615416.1947732,SRR8615416.1947742,SRR8615416.1947753,SRR8615416.1947759,SRR8615416.1947761,SRR8615416.1947766,SRR8615416.1947774,SRR8615416.1947786,SRR8615416.1947799,SRR8615416.1947810,SRR8615416.1947811,SRR8615416.1947892,SRR8615416.1947920,SRR8615416.1948011,SRR8615416.1948048,SRR8615416.1948065,SRR8615416.1948118,SRR8615416.1948175,SRR8615416.1948234,SRR8615416.1948288,SRR8615416.1948337,SRR8615416.1948338,SRR8615416.1942036,SRR8615416.1942565,SRR8615416.1942577,SRR8615416.1943211,SRR8615416.1943422,SRR8615416.1943700,SRR8615416.1943709,SRR8615416.1943758,SRR8615416.1943973,SRR8615416.1943981,SRR8615416.1943982,SRR8615416.1944025,SRR8615416.1944364,SRR8615416.1944365,SRR8615416.1944367,SRR8615416.1944368,SRR8615416.1944369,SRR8615416.1944371,SRR8615416.1944372,SRR8615416.1944373,SRR8615416.1944375,SRR8615416.1944378,SRR8615416.1944381,SRR8615416.1944382,SRR8615416.1944384,SRR8615416.1944386,SRR8615416.1944389,SRR8615416.1944391,SRR8615416.1944394,SRR8615416.1944396,SRR8615416.1944398,SRR8615416.1944399,SRR8615416.1944401,SRR8615416.1944402,SRR8615416.1945923,SRR8615416.1945924,SRR8615416.1946870,SRR8615416.1946872,SRR8615416.1946873,SRR8615416.1946874,SRR8615416.1946876,SRR8615416.1946878,SRR8615416.1946880,SRR8615416.1946881,SRR8615416.1946882,SRR8615416.1946884,SRR8615416.1946885,SRR8615416.1946887,SRR8615416.1946888,SRR8615416.1946892,SRR8615416.1946895,SRR8615416.1946896,SRR8615416.1946897,SRR8615416.1946898,SRR8615416.1946902,SRR8615416.1946903,SRR8615416.1946904,SRR8615416.1946905,SRR8615416.1946906,SRR8615416.1946907,SRR8615416.1946908,SRR8615416.1946912,SRR8615416.1946914,SRR8615416.1946917,SRR8615416.1946920,SRR8615416.1946921,SRR8615416.1946926,SRR8615416.1946928,SRR8615416.1946929,SRR8615416.1946930,SRR8615416.1946932,SRR8615416.1946933,SRR8615416.1946934,SRR8615416.1946936,SRR8615416.1946944,SRR8615416.1946946,SRR8615416.1946947,SRR8615416.1946949,SRR8615416.1946950,SRR8615416.1946951,SRR8615416.1946956,SRR8615416.1946957,SRR8615416.1946960,SRR8615416.1946963,SRR8615416.1946964,SRR8615416.1946973,SRR8615416.1946974,SRR8615416.1946977,SRR8615416.1946978,SRR8615416.1946982,SRR8615416.1946987,SRR8615416.1946988,SRR8615416.1946991,SRR8615416.1946992,SRR8615416.1946993,SRR8615416.1946994,SRR8615416.1946995,SRR8615416.1947000,SRR8615416.1947001,SRR8615416.1947002,SRR8615416.1947003,SRR8615416.1947004,SRR8615416.1947005,SRR8615416.1947008,SRR8615416.1947012,SRR8615416.1947019,SRR8615416.1947027,SRR8615416.1947028,SRR8615416.1947029,SRR8615416.1947030,SRR8615416.1947036,SRR8615416.1947039,SRR8615416.1947043,SRR8615416.1947044,SRR8615416.1947047,SRR8615416.1947049,SRR8615416.1947050,SRR8615416.1947054,SRR8615416.1947058,SRR8615416.1947061,SRR8615416.1947062,SRR8615416.1947063,SRR8615416.1947071,SRR8615416.1947073,SRR8615416.1947077,SRR8615416.1947079,SRR8615416.1947083,SRR8615416.1947084,SRR8615416.1947085,SRR8615416.1947086,SRR8615416.1947087,SRR8615416.1947101,SRR8615416.1947102,SRR8615416.1947105,SRR8615416.1947107,SRR8615416.1947108,SRR8615416.1947110,SRR8615416.1947114,SRR8615416.1947115,SRR8615416.1947118,SRR8615416.1947125,SRR8615416.1947132,SRR8615416.1947142,SRR8615416.1947150,SRR8615416.1947153,SRR8615416.1947155,SRR8615416.1947160,SRR8615416.1947164,SRR8615416.1947165,SRR8615416.1947170,SRR8615416.1947177,SRR8615416.1947178,SRR8615416.1947179,SRR8615416.1947469,SRR8615416.1947490,SRR8615416.1947492,SRR8615416.1947499,SRR8615416.1947507,SRR8615416.1947508,SRR8615416.1947512,SRR8615416.1947516,SRR8615416.1947518,SRR8615416.1947522,SRR8615416.1947538,SRR8615416.1947543,SRR8615416.1947546,SRR8615416.1947547,SRR8615416.1947553,SRR8615416.1947555,SRR8615416.1947558,SRR8615416.1947559,SRR8615416.1947560,SRR8615416.1947563,SRR8615416.1947567,SRR8615416.1947582,SRR8615416.1947585,SRR8615416.1947603,SRR8615416.1947606,SRR8615416.1947615,SRR8615416.1947616,SRR8615416.1947623,SRR8615416.1947630,SRR8615416.1947638,SRR8615416.1947639,SRR8615416.1947647,SRR8615416.1947650,SRR8615416.1947655,SRR8615416.1947660,SRR8615416.1947667,SRR8615416.1947671,SRR8615416.1947682,SRR8615416.1947684,SRR8615416.1947690,SRR8615416.1947696,SRR8615416.1947699,SRR8615416.1947706,SRR8615416.1947708,SRR8615416.1947718,SRR8615416.1947720,SRR8615416.1947734,SRR8615416.1947739,SRR8615416.1947745,SRR8615416.1947747,SRR8615416.1947758,SRR8615416.1947767,SRR8615416.1947772,SRR8615416.1947777,SRR8615416.1947780,SRR8615416.1947781,SRR8615416.1947783,SRR8615416.1947792,SRR8615416.1947794,SRR8615416.1947803,SRR8615416.1947805,SRR8615416.1947814,SRR8615416.1947820,SRR8615416.1947827,SRR8615416.1947844,SRR8615416.1947879,SRR8615416.1947883,SRR8615416.1947895,SRR8615416.1947904,SRR8615416.1947908,SRR8615416.1947940,SRR8615416.1947941,SRR8615416.1947945,SRR8615416.1947958,SRR8615416.1947966,SRR8615416.1947969,SRR8615416.1947970,SRR8615416.1947989,SRR8615416.1947995,SRR8615416.1948005,SRR8615416.1948017,SRR8615416.1948033,SRR8615416.1948036,SRR8615416.1948066,SRR8615416.1948067,SRR8615416.1948085,SRR8615416.1948093,SRR8615416.1948109,SRR8615416.1948120,SRR8615416.1948123,SRR8615416.1948136,SRR8615416.1948160,SRR8615416.1948180,SRR8615416.1948207,SRR8615416.1948222,SRR8615416.1948229,SRR8615416.1948250,SRR8615416.1948257,SRR8615416.1948261,SRR8615416.1948269,SRR8615416.1948276,SRR8615416.1948286,SRR8615416.1948287,SRR8615416.1948303,SRR8615416.1948313,SRR8615416.1948320,SRR8615416.1948352,SRR8615416.1948360,SRR8615416.54009332,SRR8615416.54567937,SRR8615416.55664117,SRR8615416.55692781,SRR8615416.56492228,SRR8615416.56559713,SRR8615416.56709289,SRR8615416.57284709,SRR8615416.57845934,SRR8615416.58014820
AC092807.3	DDAH1	-/-	-/-	chr1:85577984	chr1:85358847	exon/splice-site	CDS/splice-site	deletion/read-through	24	21	120	739	740	high	.	.	|Arginine_deiminase(100%)	.	.	ENSG00000282057.1	ENSG00000153904.21	ENST00000498304.5	ENST00000284031.13	upstream	downstream	duplicates(13),low_entropy(7),mismatches(12)	CCAGGAGGTGTGGGAGCGGGAGACACTAGAGTAACCTATGTGCACAGCCTCTCCATATACCATGTGCTGTTGCGCCTGCTAGTAATCGACGACATTAGGCAAGAGAAACAGCGGCTCCTCAAGTCCTGCCCAAAGACCGTCCAGAAACCCCAGCCTCCCGTCGCCTTCTCGCCGCCTCCGCTGGGAGCCGCAGATCAGTCCAAGTTGACGGACAGGAGGCGAAATGTGCAAATGTTTATGG|GTTGACATGATGAAAGAAGCATTAGAAAAACTTCAGCTCAATATAGTAGAGATGAAAGATGAAAATGCAACTTTAGATGGCGGAGATGTTTTATTCACAG___GCAGAGAATTTTTTGTGGGCCTTTCCAAAAGGACAAATCAACGAGGTGCTGAAATCTTGGCTGATACTTTTAAG	.	SRR8615416.1944070,SRR8615416.1944074,SRR8615416.1944084,SRR8615416.1944086,SRR8615416.1944087,SRR8615416.1944090,SRR8615416.1944091,SRR8615416.1944092,SRR8615416.1944093,SRR8615416.1944095,SRR8615416.1944099,SRR8615416.1944100,SRR8615416.1944117,SRR8615416.1944159,SRR8615416.1944163,SRR8615416.1944176,SRR8615416.1944188,SRR8615416.1944214,SRR8615416.1944218,SRR8615416.1944266,SRR8615416.1944329,SRR8615416.1944346,SRR8615416.1944347,SRR8615416.1944348,SRR8615416.1944349,SRR8615416.1944350,SRR8615416.53824562,SRR8615416.1944131,SRR8615416.1944330,SRR8615416.1944370,SRR8615416.1944380,SRR8615416.1947487,SRR8615416.1947488,SRR8615416.1947489,SRR8615416.1947491,SRR8615416.1947496,SRR8615416.1947497,SRR8615416.1947544,SRR8615416.1947612,SRR8615416.1947659,SRR8615416.1947691,SRR8615416.1947722,SRR8615416.1947748,SRR8615416.1947752,SRR8615416.1947843,SRR8615416.1947850,SRR8615416.1947881,SRR8615416.1947891,SRR8615416.1947894,SRR8615416.1947901,SRR8615416.1947902,SRR8615416.1947975,SRR8615416.1947997,SRR8615416.1948239,SRR8615416.1948242,SRR8615416.1948268,SRR8615416.1948272,SRR8615416.1948300,SRR8615416.1948301,SRR8615416.1948315,SRR8615416.1948322,SRR8615416.1942565,SRR8615416.1942577,SRR8615416.1943211,SRR8615416.1943422,SRR8615416.1943709,SRR8615416.1943973,SRR8615416.1943981,SRR8615416.1943982,SRR8615416.1944025,SRR8615416.1944367,SRR8615416.1944368,SRR8615416.1944369,SRR8615416.1944381,SRR8615416.1944384,SRR8615416.1947160,SRR8615416.1947164,SRR8615416.1947165,SRR8615416.1947170,SRR8615416.1947177,SRR8615416.1947178,SRR8615416.1947179,SRR8615416.1947490,SRR8615416.1947492,SRR8615416.1947499,SRR8615416.1947507,SRR8615416.1947508,SRR8615416.1947512,SRR8615416.1947516,SRR8615416.1947518,SRR8615416.1947522,SRR8615416.1947538,SRR8615416.1947543,SRR8615416.1947546,SRR8615416.1947547,SRR8615416.1947553,SRR8615416.1947555,SRR8615416.1947558,SRR8615416.1947559,SRR8615416.1947560,SRR8615416.1947563,SRR8615416.1947567,SRR8615416.1947582,SRR8615416.1947585,SRR8615416.1947603,SRR8615416.1947606,SRR8615416.1947615,SRR8615416.1947616,SRR8615416.1947623,SRR8615416.1947630,SRR8615416.1947638,SRR8615416.1947639,SRR8615416.1947647,SRR8615416.1947650,SRR8615416.1947655,SRR8615416.1947660,SRR8615416.1947667,SRR8615416.1947671,SRR8615416.1947682,SRR8615416.1947684,SRR8615416.1947690,SRR8615416.1947696,SRR8615416.1947699,SRR8615416.1947706,SRR8615416.1947708,SRR8615416.1947718,SRR8615416.1947720,SRR8615416.1947734,SRR8615416.1947739,SRR8615416.1947745,SRR8615416.1947747,SRR8615416.1947758,SRR8615416.1947767,SRR8615416.1947772,SRR8615416.1947777,SRR8615416.1947780,SRR8615416.1947781,SRR8615416.1947783,SRR8615416.1947792,SRR8615416.1947794,SRR8615416.1947803,SRR8615416.1947805,SRR8615416.1947814,SRR8615416.1947820,SRR8615416.1947827,SRR8615416.1947844,SRR8615416.1947879,SRR8615416.1947883,SRR8615416.1947895,SRR8615416.1947904,SRR8615416.1947908,SRR8615416.1947940,SRR8615416.1947941,SRR8615416.1947945,SRR8615416.1947958,SRR8615416.1947966,SRR8615416.1947969,SRR8615416.1947970,SRR8615416.1947989,SRR8615416.1947995,SRR8615416.1948005,SRR8615416.1948017,SRR8615416.1948033,SRR8615416.1948036,SRR8615416.1948066,SRR8615416.1948067,SRR8615416.1948085,SRR8615416.1948093,SRR8615416.1948109,SRR8615416.1948120,SRR8615416.1948123,SRR8615416.1948136,SRR8615416.1948160,SRR8615416.1948180,SRR8615416.1948207,SRR8615416.1948222,SRR8615416.1948229,SRR8615416.1948250,SRR8615416.1948257,SRR8615416.1948261,SRR8615416.1948269,SRR8615416.1948276,SRR8615416.1948286,SRR8615416.1948287,SRR8615416.1948303,SRR8615416.1948313,SRR8615416.1948320,SRR8615416.1948352,SRR8615416.1948360,SRR8615416.54009332,SRR8615416.54567937,SRR8615416.55664117,SRR8615416.55692781,SRR8615416.56559713,SRR8615416.56709289,SRR8615416.57284709,SRR8615416.58014820
AC092807.3	DDAH1	-/-	-/-	chr1:85488291	chr1:85358847	exon/splice-site	CDS/splice-site	deletion/read-through	0	7	241	36	740	low	.	.	|Arginine_deiminase(100%)	.	.	ENSG00000282057.1	ENSG00000153904.21	ENST00000488557.6	ENST00000284031.13	upstream	downstream	duplicates(19),mismatches(18)	CAGCCTCTCCATATACCATGTGCTGTTGCGCCTGCTAGTAATCGACGACATTAGGCAAGAGAAACAGCGGCTCCTCAAGTCCTGCCCAAAGACCGTCCAGA...ATTTTCTATCTAAATGAAGAAATGGAGGCAgGGAAG___GACATAGTGAGAAGAAAGCCATCTGAAAACCAGGAAGAGAGCCCTCACCAGAATCTGACCATGCTGGTGCCCTGATCTTGGACTTTCAGCCTCCAGAACT|GTTGACATGATGAAAGAAGCATTAGAAAAACTTCAGCTCAATATAGTAGAGATGAAAGATGAAAATGCAACTTTAGATGGCGGAGATGTTTTATTCACAG___GCAGAGAATTTTTTGTGGGCCTTTCCAAAAGGACAAATCAACGAGGTGCTGAAATCTTGGCTGATACTTTTAAG	.	SRR8615416.1942163,SRR8615416.1942439,SRR8615416.1942686,SRR8615416.1943207,SRR8615416.1943573,SRR8615416.53881493,SRR8615416.54525242,SRR8615416.1948032,SRR8615416.1942036,SRR8615416.1942426,SRR8615416.1942565,SRR8615416.1942577,SRR8615416.1943211,SRR8615416.1943422,SRR8615416.1943596,SRR8615416.1943597,SRR8615416.1943700,SRR8615416.1943709,SRR8615416.1943757,SRR8615416.1943758,SRR8615416.1943942,SRR8615416.1943973,SRR8615416.1943981,SRR8615416.1943982,SRR8615416.1944025,SRR8615416.1944364,SRR8615416.1944365,SRR8615416.1944367,SRR8615416.1944368,SRR8615416.1944369,SRR8615416.1944371,SRR8615416.1944372,SRR8615416.1944373,SRR8615416.1944375,SRR8615416.1944378,SRR8615416.1944381,SRR8615416.1944382,SRR8615416.1944384,SRR8615416.1944386,SRR8615416.1944389,SRR8615416.1944391,SRR8615416.1944394,SRR8615416.1944396,SRR8615416.1944398,SRR8615416.1944399,SRR8615416.1944401,SRR8615416.1944402,SRR8615416.1945923,SRR8615416.1945924,SRR8615416.1946870,SRR8615416.1946872,SRR8615416.1946873,SRR8615416.1946874,SRR8615416.1946876,SRR8615416.1946878,SRR8615416.1946880,SRR8615416.1946881,SRR8615416.1946882,SRR8615416.1946884,SRR8615416.1946885,SRR8615416.1946887,SRR8615416.1946888,SRR8615416.1946892,SRR8615416.1946895,SRR8615416.1946896,SRR8615416.1946897,SRR8615416.1946898,SRR8615416.1946902,SRR8615416.1946903,SRR8615416.1946904,SRR8615416.1946905,SRR8615416.1946906,SRR8615416.1946907,SRR8615416.1946908,SRR8615416.1946912,SRR8615416.1946914,SRR8615416.1946917,SRR8615416.1946920,SRR8615416.1946921,SRR8615416.1946926,SRR8615416.1946928,SRR8615416.1946929,SRR8615416.1946930,SRR8615416.1946932,SRR8615416.1946933,SRR8615416.1946934,SRR8615416.1946936,SRR8615416.1946944,SRR8615416.1946946,SRR8615416.1946947,SRR8615416.1946949,SRR8615416.1946950,SRR8615416.1946951,SRR8615416.1946956,SRR8615416.1946957,SRR8615416.1946960,SRR8615416.1946963,SRR8615416.1946964,SRR8615416.1946973,SRR8615416.1946974,SRR8615416.1946977,SRR8615416.1946978,SRR8615416.1946982,SRR8615416.1946987,SRR8615416.1946988,SRR8615416.1946991,SRR8615416.1946992,SRR8615416.1946993,SRR8615416.1946994,SRR8615416.1946995,SRR8615416.1947000,SRR8615416.1947001,SRR8615416.1947002,SRR8615416.1947003,SRR8615416.1947004,SRR8615416.1947005,SRR8615416.1947008,SRR8615416.1947012,SRR8615416.1947019,SRR8615416.1947027,SRR8615416.1947028,SRR8615416.1947029,SRR8615416.1947030,SRR8615416.1947036,SRR8615416.1947039,SRR8615416.1947043,SRR8615416.1947044,SRR8615416.1947047,SRR8615416.1947049,SRR8615416.1947050,SRR8615416.1947054,SRR8615416.1947058,SRR8615416.1947061,SRR8615416.1947062,SRR8615416.1947063,SRR8615416.1947071,SRR8615416.1947073,SRR8615416.1947077,SRR8615416.1947079,SRR8615416.1947083,SRR8615416.1947084,SRR8615416.1947085,SRR8615416.1947086,SRR8615416.1947087,SRR8615416.1947101,SRR8615416.1947102,SRR8615416.1947105,SRR8615416.1947107,SRR8615416.1947108,SRR8615416.1947110,SRR8615416.1947114,SRR8615416.1947115,SRR8615416.1947118,SRR8615416.1947125,SRR8615416.1947132,SRR8615416.1947142,SRR8615416.1947150,SRR8615416.1947153,SRR8615416.1947155,SRR8615416.1947160,SRR8615416.1947164,SRR8615416.1947165,SRR8615416.1947170,SRR8615416.1947177,SRR8615416.1947178,SRR8615416.1947179,SRR8615416.1947469,SRR8615416.1947490,SRR8615416.1947492,SRR8615416.1947499,SRR8615416.1947507,SRR8615416.1947508,SRR8615416.1947512,SRR8615416.1947516,SRR8615416.1947518,SRR8615416.1947522,SRR8615416.1947538,SRR8615416.1947543,SRR8615416.1947546,SRR8615416.1947547,SRR8615416.1947553,SRR8615416.1947555,SRR8615416.1947558,SRR8615416.1947559,SRR8615416.1947560,SRR8615416.1947563,SRR8615416.1947567,SRR8615416.1947582,SRR8615416.1947585,SRR8615416.1947603,SRR8615416.1947606,SRR8615416.1947615,SRR8615416.1947616,SRR8615416.1947623,SRR8615416.1947630,SRR8615416.1947638,SRR8615416.1947639,SRR8615416.1947647,SRR8615416.1947650,SRR8615416.1947655,SRR8615416.1947660,SRR8615416.1947667,SRR8615416.1947671,SRR8615416.1947682,SRR8615416.1947684,SRR8615416.1947690,SRR8615416.1947696,SRR8615416.1947699,SRR8615416.1947706,SRR8615416.1947708,SRR8615416.1947718,SRR8615416.1947720,SRR8615416.1947734,SRR8615416.1947739,SRR8615416.1947745,SRR8615416.1947747,SRR8615416.1947758,SRR8615416.1947767,SRR8615416.1947772,SRR8615416.1947777,SRR8615416.1947780,SRR8615416.1947781,SRR8615416.1947783,SRR8615416.1947792,SRR8615416.1947794,SRR8615416.1947803,SRR8615416.1947805,SRR8615416.1947814,SRR8615416.1947820,SRR8615416.1947827,SRR8615416.1947844,SRR8615416.1947879,SRR8615416.1947883,SRR8615416.1947895,SRR8615416.1947904,SRR8615416.1947908,SRR8615416.1947940,SRR8615416.1947941,SRR8615416.1947945,SRR8615416.1947958,SRR8615416.1947966,SRR8615416.1947969,SRR8615416.1947970,SRR8615416.1947989,SRR8615416.1947995,SRR8615416.1948005,SRR8615416.1948017,SRR8615416.1948033,SRR8615416.1948036,SRR8615416.1948066,SRR8615416.1948067,SRR8615416.1948085,SRR8615416.1948093,SRR8615416.1948109,SRR8615416.1948120,SRR8615416.1948123,SRR8615416.1948136,SRR8615416.1948160,SRR8615416.1948180,SRR8615416.1948207,SRR8615416.1948222,SRR8615416.1948229,SRR8615416.1948250,SRR8615416.1948257,SRR8615416.1948261,SRR8615416.1948269,SRR8615416.1948276,SRR8615416.1948286,SRR8615416.1948287,SRR8615416.1948303,SRR8615416.1948313,SRR8615416.1948320,SRR8615416.1948352,SRR8615416.1948360,SRR8615416.54009332,SRR8615416.54567937,SRR8615416.55071884,SRR8615416.55664117,SRR8615416.55692781,SRR8615416.56492228,SRR8615416.56559713,SRR8615416.56709289,SRR8615416.57284709,SRR8615416.57845934,SRR8615416.58014820
AC092807.3	DDAH1	-/-	-/-	chr1:85494729	chr1:85358847	exon/splice-site	CDS/splice-site	deletion/read-through	2	1	239	25	740	low	.	.	|Arginine_deiminase(100%)	.	.	ENSG00000282057.1	ENSG00000153904.21	ENST00000498304.5	ENST00000284031.13	upstream	downstream	duplicates(18),mismatches(17)	CTCAAGTCCTGCCCAAAGACCGTCCAGAAACCCCAGCCTCCCGTCGCCTTCTCGCCGCCTCCGCTGGGAGCCGCAGATCAGTCCAAGTTGACGGACAGGAGGCGAAATGTGCAAATGTTTATGG___...CCTTCTAAATTTATATTAG___AACCATCTGATGGATGGCAGACAGCTGAACCAG|GTTGACATGATGAAAGAAGCATTAGAAAAACTTCAGCTCAATATAGTAGAGATGAAAGATGAAAATGCAACTTTAGATGGCGGAGATGTTTTATTCACAG___GCAGAGAATTTTTTGTGGGCCTTTCCAAAAGGACAAATCAACGAGGTGCTGAAATCTTGGCTGATACTTTTAA	.	SRR8615416.1943794,SRR8615416.1946720,SRR8615416.1947564,SRR8615416.1942036,SRR8615416.1942565,SRR8615416.1942577,SRR8615416.1943211,SRR8615416.1943422,SRR8615416.1943700,SRR8615416.1943709,SRR8615416.1943757,SRR8615416.1943758,SRR8615416.1943942,SRR8615416.1943973,SRR8615416.1943981,SRR8615416.1943982,SRR8615416.1944025,SRR8615416.1944364,SRR8615416.1944365,SRR8615416.1944367,SRR8615416.1944368,SRR8615416.1944369,SRR8615416.1944371,SRR8615416.1944372,SRR8615416.1944373,SRR8615416.1944375,SRR8615416.1944378,SRR8615416.1944381,SRR8615416.1944382,SRR8615416.1944384,SRR8615416.1944386,SRR8615416.1944389,SRR8615416.1944391,SRR8615416.1944394,SRR8615416.1944396,SRR8615416.1944398,SRR8615416.1944399,SRR8615416.1944401,SRR8615416.1944402,SRR8615416.1945923,SRR8615416.1945924,SRR8615416.1946870,SRR8615416.1946872,SRR8615416.1946873,SRR8615416.1946874,SRR8615416.1946876,SRR8615416.1946878,SRR8615416.1946880,SRR8615416.1946881,SRR8615416.1946882,SRR8615416.1946884,SRR8615416.1946885,SRR8615416.1946887,SRR8615416.1946888,SRR8615416.1946892,SRR8615416.1946895,SRR8615416.1946896,SRR8615416.1946897,SRR8615416.1946898,SRR8615416.1946902,SRR8615416.1946903,SRR8615416.1946904,SRR8615416.1946905,SRR8615416.1946906,SRR8615416.1946907,SRR8615416.1946908,SRR8615416.1946912,SRR8615416.1946914,SRR8615416.1946917,SRR8615416.1946920,SRR8615416.1946921,SRR8615416.1946926,SRR8615416.1946928,SRR8615416.1946929,SRR8615416.1946930,SRR8615416.1946932,SRR8615416.1946933,SRR8615416.1946934,SRR8615416.1946936,SRR8615416.1946944,SRR8615416.1946946,SRR8615416.1946947,SRR8615416.1946949,SRR8615416.1946950,SRR8615416.1946951,SRR8615416.1946956,SRR8615416.1946957,SRR8615416.1946960,SRR8615416.1946963,SRR8615416.1946964,SRR8615416.1946973,SRR8615416.1946974,SRR8615416.1946977,SRR8615416.1946978,SRR8615416.1946982,SRR8615416.1946987,SRR8615416.1946988,SRR8615416.1946991,SRR8615416.1946992,SRR8615416.1946993,SRR8615416.1946994,SRR8615416.1946995,SRR8615416.1947000,SRR8615416.1947001,SRR8615416.1947002,SRR8615416.1947003,SRR8615416.1947004,SRR8615416.1947005,SRR8615416.1947008,SRR8615416.1947012,SRR8615416.1947019,SRR8615416.1947027,SRR8615416.1947028,SRR8615416.1947029,SRR8615416.1947030,SRR8615416.1947036,SRR8615416.1947039,SRR8615416.1947043,SRR8615416.1947044,SRR8615416.1947047,SRR8615416.1947049,SRR8615416.1947050,SRR8615416.1947054,SRR8615416.1947058,SRR8615416.1947061,SRR8615416.1947062,SRR8615416.1947063,SRR8615416.1947071,SRR8615416.1947073,SRR8615416.1947077,SRR8615416.1947079,SRR8615416.1947083,SRR8615416.1947084,SRR8615416.1947085,SRR8615416.1947086,SRR8615416.1947087,SRR8615416.1947101,SRR8615416.1947102,SRR8615416.1947105,SRR8615416.1947107,SRR8615416.1947108,SRR8615416.1947110,SRR8615416.1947114,SRR8615416.1947115,SRR8615416.1947118,SRR8615416.1947125,SRR8615416.1947132,SRR8615416.1947142,SRR8615416.1947150,SRR8615416.1947153,SRR8615416.1947155,SRR8615416.1947160,SRR8615416.1947164,SRR8615416.1947165,SRR8615416.1947170,SRR8615416.1947177,SRR8615416.1947178,SRR8615416.1947179,SRR8615416.1947469,SRR8615416.1947490,SRR8615416.1947492,SRR8615416.1947499,SRR8615416.1947507,SRR8615416.1947508,SRR8615416.1947512,SRR8615416.1947516,SRR8615416.1947518,SRR8615416.1947522,SRR8615416.1947538,SRR8615416.1947543,SRR8615416.1947546,SRR8615416.1947547,SRR8615416.1947553,SRR8615416.1947555,SRR8615416.1947558,SRR8615416.1947559,SRR8615416.1947560,SRR8615416.1947563,SRR8615416.1947567,SRR8615416.1947582,SRR8615416.1947585,SRR8615416.1947603,SRR8615416.1947606,SRR8615416.1947615,SRR8615416.1947616,SRR8615416.1947623,SRR8615416.1947630,SRR8615416.1947638,SRR8615416.1947639,SRR8615416.1947647,SRR8615416.1947650,SRR8615416.1947655,SRR8615416.1947660,SRR8615416.1947667,SRR8615416.1947671,SRR8615416.1947682,SRR8615416.1947684,SRR8615416.1947690,SRR8615416.1947696,SRR8615416.1947699,SRR8615416.1947706,SRR8615416.1947708,SRR8615416.1947718,SRR8615416.1947720,SRR8615416.1947734,SRR8615416.1947739,SRR8615416.1947745,SRR8615416.1947747,SRR8615416.1947758,SRR8615416.1947767,SRR8615416.1947772,SRR8615416.1947777,SRR8615416.1947780,SRR8615416.1947781,SRR8615416.1947783,SRR8615416.1947792,SRR8615416.1947794,SRR8615416.1947803,SRR8615416.1947805,SRR8615416.1947814,SRR8615416.1947820,SRR8615416.1947827,SRR8615416.1947844,SRR8615416.1947879,SRR8615416.1947883,SRR8615416.1947895,SRR8615416.1947904,SRR8615416.1947908,SRR8615416.1947940,SRR8615416.1947941,SRR8615416.1947945,SRR8615416.1947958,SRR8615416.1947966,SRR8615416.1947969,SRR8615416.1947970,SRR8615416.1947989,SRR8615416.1947995,SRR8615416.1948005,SRR8615416.1948017,SRR8615416.1948033,SRR8615416.1948036,SRR8615416.1948066,SRR8615416.1948067,SRR8615416.1948085,SRR8615416.1948093,SRR8615416.1948109,SRR8615416.1948120,SRR8615416.1948123,SRR8615416.1948136,SRR8615416.1948160,SRR8615416.1948180,SRR8615416.1948207,SRR8615416.1948222,SRR8615416.1948229,SRR8615416.1948250,SRR8615416.1948257,SRR8615416.1948261,SRR8615416.1948269,SRR8615416.1948276,SRR8615416.1948286,SRR8615416.1948287,SRR8615416.1948303,SRR8615416.1948313,SRR8615416.1948320,SRR8615416.1948352,SRR8615416.1948360,SRR8615416.54009332,SRR8615416.54567937,SRR8615416.55071884,SRR8615416.55664117,SRR8615416.55692781,SRR8615416.56492228,SRR8615416.56559713,SRR8615416.56709289,SRR8615416.57284709,SRR8615416.57845934,SRR8615416.58014820
AC092807.3	DDAH1	-/-	-/-	chr1:85575832	chr1:85358847	exon/splice-site	CDS/splice-site	deletion/read-through	0	1	121	73	740	low	.	.	|Arginine_deiminase(100%)	.	.	ENSG00000282057.1	ENSG00000153904.21	ENST00000467666.2	ENST00000284031.13	upstream	downstream	duplicates(6),mismatches(11)	GTGTGATGTTCCCTTTCCTGAGTAACACCATTTTCTATCTAAATGAAGAAATGGAGGCATGGAAG|GTTGACATGATGAAAGAAGCATTAGAAAAACTTCAGCTCAATATAGTAGAGATGAAAGATGAAAATGCAACTTTAGATGGCGGAGATGTTTTATTCACAG___GCAGAGAATTTTTTGTGGGCCTTTCCAAAAGGACAAATCAACGAGGTGCTGAAATCTTGGCTGATACTTTTAAG	.	SRR8615416.1943406,SRR8615416.1943407,SRR8615416.1942565,SRR8615416.1942577,SRR8615416.1943211,SRR8615416.1943422,SRR8615416.1943709,SRR8615416.1943973,SRR8615416.1943981,SRR8615416.1943982,SRR8615416.1944025,SRR8615416.1944367,SRR8615416.1944368,SRR8615416.1944369,SRR8615416.1944381,SRR8615416.1944384,SRR8615416.1947160,SRR8615416.1947164,SRR8615416.1947165,SRR8615416.1947170,SRR8615416.1947177,SRR8615416.1947178,SRR8615416.1947179,SRR8615416.1947469,SRR8615416.1947490,SRR8615416.1947492,SRR8615416.1947499,SRR8615416.1947507,SRR8615416.1947508,SRR8615416.1947512,SRR8615416.1947516,SRR8615416.1947518,SRR8615416.1947522,SRR8615416.1947538,SRR8615416.1947543,SRR8615416.1947546,SRR8615416.1947547,SRR8615416.1947553,SRR8615416.1947555,SRR8615416.1947558,SRR8615416.1947559,SRR8615416.1947560,SRR8615416.1947563,SRR8615416.1947567,SRR8615416.1947582,SRR8615416.1947585,SRR8615416.1947603,SRR8615416.1947606,SRR8615416.1947615,SRR8615416.1947616,SRR8615416.1947623,SRR8615416.1947630,SRR8615416.1947638,SRR8615416.1947639,SRR8615416.1947647,SRR8615416.1947650,SRR8615416.1947655,SRR8615416.1947660,SRR8615416.1947667,SRR8615416.1947671,SRR8615416.1947682,SRR8615416.1947684,SRR8615416.1947690,SRR8615416.1947696,SRR8615416.1947699,SRR8615416.1947706,SRR8615416.1947708,SRR8615416.1947718,SRR8615416.1947720,SRR8615416.1947734,SRR8615416.1947739,SRR8615416.1947745,SRR8615416.1947747,SRR8615416.1947758,SRR8615416.1947767,SRR8615416.1947772,SRR8615416.1947777,SRR8615416.1947780,SRR8615416.1947781,SRR8615416.1947783,SRR8615416.1947792,SRR8615416.1947794,SRR8615416.1947803,SRR8615416.1947805,SRR8615416.1947814,SRR8615416.1947820,SRR8615416.1947827,SRR8615416.1947844,SRR8615416.1947879,SRR8615416.1947883,SRR8615416.1947895,SRR8615416.1947904,SRR8615416.1947908,SRR8615416.1947940,SRR8615416.1947941,SRR8615416.1947945,SRR8615416.1947958,SRR8615416.1947966,SRR8615416.1947969,SRR8615416.1947970,SRR8615416.1947989,SRR8615416.1947995,SRR8615416.1948005,SRR8615416.1948017,SRR8615416.1948033,SRR8615416.1948036,SRR8615416.1948066,SRR8615416.1948067,SRR8615416.1948085,SRR8615416.1948093,SRR8615416.1948109,SRR8615416.1948120,SRR8615416.1948123,SRR8615416.1948136,SRR8615416.1948160,SRR8615416.1948180,SRR8615416.1948207,SRR8615416.1948222,SRR8615416.1948229,SRR8615416.1948250,SRR8615416.1948257,SRR8615416.1948261,SRR8615416.1948269,SRR8615416.1948276,SRR8615416.1948286,SRR8615416.1948287,SRR8615416.1948303,SRR8615416.1948313,SRR8615416.1948320,SRR8615416.1948352,SRR8615416.1948360,SRR8615416.54009332,SRR8615416.54567937,SRR8615416.55664117,SRR8615416.55692781,SRR8615416.56559713,SRR8615416.56709289,SRR8615416.57284709,SRR8615416.58014820
AC092807.3	DDAH1	-/-	-/-	chr1:85577984	chr1:85351579	exon/splice-site	CDS/splice-site	deletion/read-through	1	0	36	739	853	low	.	.	|Arginine_deiminase(100%)	.	.	ENSG00000282057.1	ENSG00000153904.21	ENST00000498304.5	ENST00000284031.13	upstream	downstream	duplicates(2),mismatches(6)	CAGGAGGTGTGGGAGCGGGAGACACTAGAGTAACCTATGTGCACAGCCTCTCCATATACCATGTGCTGTTGCGCCTGCTAGTAATCGACGACATTAGGCAAGAGAAACAGCGGCTCCTCAAGTCCTGCCCAAAGACCGTCCAGAAACCCCAGCCTCCCGTCGCCTTCTCGCCGCCTCCGCTGGGAGCCGCAGATCAGTCCAAGTTGACGGACAGGAGGCGAAATGTGCAAATGTTTATGG|GCAGAGAATTTTTTGTGGGCCTTTCCAAAAGGACAAATCAACGAGGTGCTGAAATCTTGGCTGATACTTTTAAG___GACTATGCAGTCTCCACAGTGCCAGTGGCAGATGGGTTGCATTTGAAGAGTTTCTGCAGCATGGCTGGGCCTAACCTGATCGCA	.	SRR8615416.1947912,SRR8615416.1942565,SRR8615416.1942577,SRR8615416.1943211,SRR8615416.1943422,SRR8615416.1944367,SRR8615416.1944381,SRR8615416.1944384,SRR8615416.1947490,SRR8615416.1947499,SRR8615416.1947512,SRR8615416.1947522,SRR8615416.1947555,SRR8615416.1947558,SRR8615416.1947559,SRR8615416.1947560,SRR8615416.1947606,SRR8615416.1947647,SRR8615416.1947660,SRR8615416.1947699,SRR8615416.1947718,SRR8615416.1947720,SRR8615416.1947758,SRR8615416.1947777,SRR8615416.1947783,SRR8615416.1947794,SRR8615416.1947803,SRR8615416.1947814,SRR8615416.1947879,SRR8615416.1947908,SRR8615416.1948033,SRR8615416.1948036,SRR8615416.1948123,SRR8615416.1948136,SRR8615416.1948160,SRR8615416.1948207,SRR8615416.1948222,SRR8615416.1948250,SRR8615416.1948257,SRR8615416.1948269,SRR8615416.1948276,SRR8615416.1948287,SRR8615416.54009332,SRR8615416.54567937,SRR8615416.57284709
HOXC6	HOXC4	+/+	+/+	chr12:54017414	chr12:54053160	5'UTR/splice-site	exon/splice-site	deletion/read-through	3	13	10	327	39	high	.	.	|Homeodomain(100%)	.	.	ENSG00000197757.8	ENSG00000198353.8	ENST00000394331.3	ENST00000507650.1	downstream	upstream	duplicates(3),low_entropy(1),mismatches(3)	TATTTTTGAATTTATATAAAGTATATGTGTGTGTGTGTGGAGCTGAGACAGGCTCGGCAGCGGCACAGAATGAGGGAAGACGAGAAAGAGAGTGGGAGAGAGAGAGGCAGAGAGGGAGAGAGGGAGAGTGACAGCAGCGCTCG|CGGGGGCTCAACCCCCAGACCTCCAGAAATGACGTCAGAATCATTTGCATCCCGCTGCCTCTACCTGCCTGGTCCAGCTGGGACCCTGCCTCGCCGGCCGCATGGCCAGAGGGTTGG	.	SRR8615416.31843968,SRR8615416.31843992,SRR8615416.31843993,SRR8615416.31844023,SRR8615416.31844039,SRR8615416.31844028,SRR8615416.31844032,SRR8615416.31844037,SRR8615416.31847055,SRR8615416.31847056,SRR8615416.31847057,SRR8615416.31847058,SRR8615416.31847060,SRR8615416.31847061,SRR8615416.31847064,SRR8615416.31847065,SRR8615416.31847066,SRR8615416.31847067,SRR8615416.31847071,SRR8615416.31847095,SRR8615416.31847168,SRR8615416.31847169,SRR8615416.31843941,SRR8615416.31847062,SRR8615416.31847068,SRR8615416.31847072,SRR8615416.31847074,SRR8615416.31847075,SRR8615416.31847077,SRR8615416.31847093,SRR8615416.31847116,SRR8615416.31847149,SRR8615416.31847165
HOXC6	HOXC4	+/+	+/+	chr12:54017414	chr12:54047769	5'UTR/splice-site	exon/splice-site	deletion/read-through	0	1	10	327	4	medium	.	.	|Homeodomain(100%)	.	.	ENSG00000197757.8	ENSG00000198353.8	ENST00000394331.3	ENST00000507650.1	downstream	upstream	mismatches(1)	CCTCTGGCCCCCAAGGGGCAGGAGGAATGCAGGAGCAGGAGTTGAGCTTGaGAGCTGCAGATGCCTCCGCCCCTCCTCTCTtCCAGGCTCTTCCTCCTGCC...TTTTATTTTTGAATTTATATAAAGTATATGTGTGTGTGTGTGGAGCTGAGACAGGCTCGGCAGCGGCACAGAATGAGGGAAGACGAGAAAGAGAGTGGGAGAGAGAGAGGCAGAGAGGGAGAGAGGGAGAGTGACAGCAGCGCTCG|GAAGAGCAGACTCTGGTGCCCTCTCCCAGGCCAGACCCTGAAG...TTGAAGGCCGCTCCCCAGATCCCACTGGTGCCACGATTTTGCCAAG___CGGGGGCTCAACCCCCAGACCTCCAGAAATGACGTCAGAATCATTTGCATCCCGC	.	SRR8615416.31846975,SRR8615416.31843941,SRR8615416.31847062,SRR8615416.31847068,SRR8615416.31847072,SRR8615416.31847074,SRR8615416.31847075,SRR8615416.31847077,SRR8615416.31847093,SRR8615416.31847116,SRR8615416.31847149,SRR8615416.31847165
TMED7	TICAM2	-/-	-/-	chr5:115616318	chr5:115581315	CDS	5'UTR/splice-site	deletion/read-through	9	9	21	727	88	medium	stop-codon	.	emp24/gp25L/p24_family/GOLD(86%)|TIR_domain(100%)	.	.	ENSG00000134970.14	ENSG00000243414.6	ENST00000456936.4	ENST00000427199.3	upstream	downstream	duplicates(5),low_entropy(1),mismappers(1)	TCTACTTTCACACATAAAACTGTATATTTTGATTTTCAAGTTGGAGAAGACCCACCTTTGTTTCCTAGTGAGAACCGAGTCAGTGCTCTTACCCAG___ATGGAATCTGCCTGTGTTTCAATTCACGAAGCTCTGAAGTCTGTCATCGATTATCAGACTCATTTCCGTTTAAGAGAAGCTCAAGGCCGAAGCCGAGCAGAGGATCTAAATACAAGAGTGGCCTATTG|ATTGAAAAGAAATGCTGAGAAATACATAAAGTTTTCCTCTTCTGCCTTGGATATTTATAATGGGTATCGGGAAGTCTAAAATAAATTCCTGCCCTCTTTCTCTCTCTTGGGGTAAAAGGCACAGTGTGGATACAAGTCCAGGATATCATGAGTCAGATTCCAAGAAGTCTGAAGATCTATCCTTGTGTAATGTTGCTGAGCACAGCAATACAACAGAGGGGCCAACAGGAAAGCAGGAGGGAGCTCAGAGCGTGGAAGAGATGTTTGAAGAAGAAGCTGAAGAAGAGGTGTTCCTCAAATTTGT	.	SRR8615416.14854962,SRR8615416.14854963,SRR8615416.14854964,SRR8615416.14854966,SRR8615416.14854968,SRR8615416.14854971,SRR8615416.14854978,SRR8615416.14854980,SRR8615416.14854981,SRR8615416.14854982,SRR8615416.14854989,SRR8615416.57208963,SRR8615416.14854984,SRR8615416.14854991,SRR8615416.14860803,SRR8615416.14860885,SRR8615416.14861066,SRR8615416.14861071,SRR8615416.14861199,SRR8615416.14861247,SRR8615416.14861403,SRR8615416.14861620,SRR8615416.14854992,SRR8615416.14860859,SRR8615416.14860868,SRR8615416.14860879,SRR8615416.14860882,SRR8615416.14860888,SRR8615416.14860898,SRR8615416.14860899,SRR8615416.14860921,SRR8615416.14860952,SRR8615416.14860986,SRR8615416.14861005,SRR8615416.14861037,SRR8615416.14861076,SRR8615416.14861129,SRR8615416.14861136,SRR8615416.14861148,SRR8615416.14861246,SRR8615416.14861257,SRR8615416.14861260,SRR8615416.14861477,SRR8615416.14861520,SRR8615416.14861561,SRR8615416.14862153
TMED7	TICAM2	-/-	-/-	chr5:115620435	chr5:115581315	CDS/splice-site	5'UTR/splice-site	deletion/read-through	0	2	5	629	88	low	out-of-frame	.	emp24/gp25L/p24_family/GOLD(100%)|TIR_domain(100%)	.	.	ENSG00000134970.14	ENSG00000243414.6	ENST00000456936.4	ENST00000427199.3	upstream	downstream	.	CAAAGAGATGAAGAAACAGTATGATAGTTTTACCTTCACAGCCTCCAAAAATGGGACATACAAATTTTGCTTCAGCAATGAATTTTCTACTTTCACACATAAAACTGTATATTTTGATTTTCAAGTTGGAGAAGACCCACCTTTGTTTCCTAGTGAGAACCGAGTCAGTGCTCTTACCCAG|ATTGAAAAGAAATGCTGAGAAATACATAAAGTTTTCCTCTTCTGCCTTGGATATTTATAATGGGTATCGGGAAGTCTAAAATAAATTCCTGCCCTCTTTCTCTCTCTTGGGGTAAAAGGCACAGTGTGGATACAAGTCCAGGATATCATGAGTCAGATTCCAAGAAGTCTGAAGATCTATCCTTGTGTAATGTTGCTGAGCACAGCAATACAACAGAGGGGCCAACAGGAAAGCAGGAGGGAGCTCAGAGCGTGGAAG	KEMKKQYDSFTFTASKNGTYKFCFSNEFSTFTHKTVYFDFQVGEDPPLFPSENRVSALTQ|iekkc*	SRR8615416.14854923,SRR8615416.14854983,SRR8615416.14861260,SRR8615416.14861477,SRR8615416.14861520,SRR8615416.14861561,SRR8615416.14862153
TVP23C	CDRT4	-/-	-/-	chr17:15540433	chr17:15440285	CDS/splice-site	5'UTR/splice-site	deletion/read-through	5	6	8	341	20	medium	out-of-frame	.	Eukaryotic_protein_of_unknown_function_(DUF846)(100%)|CMT1A_duplicated_region_transcript_4_protein(100%)	.	.	ENSG00000175106.17	ENSG00000239704.11	ENST00000428082.6	ENST00000619038.5	upstream	downstream	.	CTGTTCAGTACTGTGGGTGATATTTGCCTTTAGTGCACTCTTCTCCTTCACAGTAAAGTGGCTG___GCGGTGGTTATTATGGGTGTGGTGCTACAAGGTGCCAACCTGTATGGTTACATCAGGTGTAAGGTGCGCAGCAGAAAGCATTTAACCAGCATGGCTACTTCATATTTTGGAAAGCAGTTTTTAAGACAA|GAATCTGAACCTGTGATGTTAAGAAATCAGTAAATATTAAAAAGAAGATGGATGCAAGAAGGATGAAGAAAGAAGAAG___GACTCACAGAAAACACTGGACTTCCCCGGAAGCTACTTGAAAAACATGACCCCTGGCCGGCCTATGTCACCTATACCTCTCAGACAGTGAAAAGACTCATTGAGAAAAGCAAAACTAGAGAACTGGAATGCATGCGTGCCCTCGAGGAAAGACCCTGGGCATCAAGGCAGAATAAACCTTCCAGCGTCATTCAGCCGAAAAGGAGGAAGTCTTCCAAGTCTTCTGGCAA	CSVLWVIFAFSALFSFTVKWLAVVIMGVVLQGANLYGYIRCKVRSRKHLTSMATSYFGKQFLRQ|esepvmlrnq*	SRR8615416.39970753,SRR8615416.39970796,SRR8615416.39970798,SRR8615416.39970799,SRR8615416.39970800,SRR8615416.39970802,SRR8615416.39971763,SRR8615416.39971764,SRR8615416.39971782,SRR8615416.39971812,SRR8615416.40126462,SRR8615416.39971762,SRR8615416.39971772,SRR8615416.39971773,SRR8615416.39971777,SRR8615416.39971781,SRR8615416.39971798,SRR8615416.39971816,SRR8615416.55799771
TVP23C	CDRT4	-/-	-/-	chr17:15540433	chr17:15438200	CDS/splice-site	CDS/splice-site	deletion/read-through	0	0	0	341	27	low	out-of-frame	.	Eukaryotic_protein_of_unknown_function_(DUF846)(100%)|CMT1A_duplicated_region_transcript_4_protein(100%)	.	.	ENSG00000175106.17	ENSG00000239704.11	ENST00000428082.6	ENST00000619038.5	upstream	downstream	mismatches(1)	AGCATTTAACCAGCATGGCTACTTCATATTTTGGAAAGCAGTTTTTAAGACAA|GACTCACAGAAAACACTGGACTTCCCCGGAAGCTACTTGAAAAACATG...CACACTagCATGCGGATTCCAGAGACTGcCCAgCTaAAAACaAaAACAAGAaaATCTTTGCCCaCAAGCCTATGATGAGGATGCTCC	HLTSMATSYFGKQFLRQ|dsqktldfpgsylkn	SRR8615416.55885958
PCDHGA4	PCDHGA8	+/+	+/+	chr5:141357621	chr5:141494807	CDS	CDS/splice-site	deletion/read-through	3	7	3	20	608	medium	in-frame	.	Cadherin-like(100%),Cadherin_cytoplasmic_C-terminal(100%),Cadherin_domain(100%)|Cadherin_C-terminal_cytoplasmic_tail__catenin-binding_region(100%)	.	.	ENSG00000262576.3	ENSG00000253767.3	ENST00000612927.1	ENST00000398604.3	downstream	upstream	duplicates(1),low_entropy(1),mismappers(5),mismatches(3)	GCAGCAGGTTGGCAGGTGTGCCTGCCTCGCACTTTGTGGGCGTGGACGGGGTTCGGGCTTTCCTGCAGACCTATTCCCACGAGGTCTCCCTCACCGCGGACTCGCGGAAGAGTCACCTGATCTTCTCCCAACCCAGCTATGCAGACACGCTCATCAGCCGGGAGAGTTGTGAGAAAAGCGAGCCTCTTCTGATAACTCAGGATTTACTTGAAACAAAAGGAGACCCTAATCTTCAG|CAAGCCCCGCCCAACACGGACTGGCGTTTCTCTCAGGCCCAGAGACCCGGCACCAGCGG___CTCCCAAAATGGCGATGACACCGGCACCTGGCCCAACAACCAGTTTGACACAGAGATGCTGCAAGCCATGATCTTGGCGTCCGCCAGTG___AAGCTGCTGATGGGAGCTCCACCCTGGGAGGGGGTGCCGGCACCATGGGATTGAGCGCCCGCTACGGACCCCAGTTCACCCTGCAGCACGTGCCCGACTACCGCCAGAATGTCTACATCCCAGGCAGCAATGCCACACTGACCAACGCAGCTGGCAAGCGGGATGGCAAGGCCCCAGCAGGTGGCAATGGCAACAAGAAGAAGTCGGGCAAGAAGGAGAAGAAGTAACATGGAGGCCAGGCCAAGAGCCACAGGGCGGCCTCTCCCCAACC	SRLAGVPASHFVGVDGVRAFLQTYSHEVSLTADSRKSHLIFSQPSYADTLISRESCEKSEPLLITQDLLETKGDPNLQ|QAPPNTDWRFSQAQRPGTSGSQNGDDTGTWPNNQFDTEMLQAMILASASEAADGSSTLGGGAGTMGLSARYGPQFTLQHVPDYRQNVYIPGSNATLTNAAGKRDGKAPAGGNGNKKKSGKKEKK*	SRR8615416.15491287,SRR8615416.15491289,SRR8615416.15491295,SRR8615416.15491296,SRR8615416.15491297,SRR8615416.15491298,SRR8615416.15491299,SRR8615416.57003211,SRR8615416.15497086,SRR8615416.15497273,SRR8615416.15497508,SRR8615416.15497509,SRR8615416.15497597,SRR8615416.15497744,SRR8615416.15497934,SRR8615416.15498104,SRR8615416.15498341,SRR8615416.15497065,SRR8615416.15497326,SRR8615416.15497338,SRR8615416.15497433,SRR8615416.15497440,SRR8615416.15497993
PCDHGA4	PCDHGA10	+/+	+/+	chr5:141357621	chr5:141494807	CDS	CDS/splice-site	deletion/read-through	3	7	3	20	608	medium	in-frame	.	Cadherin-like(100%),Cadherin_cytoplasmic_C-terminal(100%),Cadherin_domain(100%)|Cadherin_C-terminal_cytoplasmic_tail__catenin-binding_region(100%)	.	.	ENSG00000262576.3	ENSG00000253846.2	ENST00000612927.1	ENST00000398610.2	downstream	upstream	duplicates(1),low_entropy(1),mismappers(5),mismatches(3)	GCAGCAGGTTGGCAGGTGTGCCTGCCTCGCACTTTGTGGGCGTGGACGGGGTTCGGGCTTTCCTGCAGACCTATTCCCACGAGGTCTCCCTCACCGCGGACTCGCGGAAGAGTCACCTGATCTTCTCCCAACCCAGCTATGCAGACACGCTCATCAGCCGGGAGAGTTGTGAGAAAAGCGAGCCTCTTCTGATAACTCAGGATTTACTTGAAACAAAAGGAGACCCTAATCTTCAG|CAAGCCCCGCCCAACACGGACTGGCGTTTCTCTCAGGCCCAGAGACCCGGCACCAGCGG___CTCCCAAAATGGCGATGACACCGGCACCTGGCCCAACAACCAGTTTGACACAGAGATGCTGCAAGCCATGATCTTGGCGTCCGCCAGTG___AAGCTGCTGATGGGAGCTCCACCCTGGGAGGGGGTGCCGGCACCATGGGATTGAGCGCCCGCTACGGACCCCAGTTCACCCTGCAGCACGTGCCCGACTACCGCCAGAATGTCTACATCCCAGGCAGCAATGCCACACTGACCAACGCAGCTGGCAAGCGGGATGGCAAGGCCCCAGCAGGTGGCAATGGCAACAAGAAGAAGTCGGGCAAGAAGGAGAAGAAGTAACATGGAGGCCAGGCCAAGAGCCACAGGGCGGCCTCTCCCCAACC	SRLAGVPASHFVGVDGVRAFLQTYSHEVSLTADSRKSHLIFSQPSYADTLISRESCEKSEPLLITQDLLETKGDPNLQ|QAPPNTDWRFSQAQRPGTSGSQNGDDTGTWPNNQFDTEMLQAMILASASEAADGSSTLGGGAGTMGLSARYGPQFTLQHVPDYRQNVYIPGSNATLTNAAGKRDGKAPAGGNGNKKKSGKKEKK*	SRR8615416.15491287,SRR8615416.15491289,SRR8615416.15491295,SRR8615416.15491296,SRR8615416.15491297,SRR8615416.15491298,SRR8615416.15491299,SRR8615416.57003211,SRR8615416.15497086,SRR8615416.15497273,SRR8615416.15497508,SRR8615416.15497509,SRR8615416.15497597,SRR8615416.15497744,SRR8615416.15497934,SRR8615416.15498104,SRR8615416.15498341,SRR8615416.15497065,SRR8615416.15497326,SRR8615416.15497338,SRR8615416.15497433,SRR8615416.15497440,SRR8615416.15497993
PCDHGA4	PCDHGB6	+/+	+/+	chr5:141357621	chr5:141494807	CDS	CDS/splice-site	deletion/read-through	3	7	3	20	608	medium	in-frame	.	Cadherin-like(100%),Cadherin_cytoplasmic_C-terminal(100%),Cadherin_domain(100%)|Cadherin_C-terminal_cytoplasmic_tail__catenin-binding_region(100%)	.	.	ENSG00000262576.3	ENSG00000253305.2	ENST00000612927.1	ENST00000520790.1	downstream	upstream	duplicates(1),low_entropy(1),mismappers(5),mismatches(3)	GCAGCAGGTTGGCAGGTGTGCCTGCCTCGCACTTTGTGGGCGTGGACGGGGTTCGGGCTTTCCTGCAGACCTATTCCCACGAGGTCTCCCTCACCGCGGACTCGCGGAAGAGTCACCTGATCTTCTCCCAACCCAGCTATGCAGACACGCTCATCAGCCGGGAGAGTTGTGAGAAAAGCGAGCCTCTTCTGATAACTCAGGATTTACTTGAAACAAAAGGAGACCCTAATCTTCAG|CAAGCCCCGCCCAACACGGACTGGCGTTTCTCTCAGGCCCAGAGACCCGGCACCAGCGG___CTCCCAAAATGGCGATGACACCGGCACCTGGCCCAACAACCAGTTTGACACAGAGATGCTGCAAGCCATGATCTTGGCGTCCGCCAGTG___AAGCTGCTGATGGGAGCTCCACCCTGGGAGGGGGTGCCGGCACCATGGGATTGAGCGCCCGCTACGGACCCCAGTTCACCCTGCAGCACGTGCCCGACTACCGCCAGAATGTCTACATCCCAGGCAGCAATGCCACACTGACCAACGCAGCTGGCAAGCGGGATGGCAAGGCCCCAGCAGGTGGCAATGGCAACAAGAAGAAGTCGGGCAAGAAGGAGAAGAAGTAACATGGAGGCCAGGCCAAGAGCCACAGGGCGGCCTCTCCCCAACC	SRLAGVPASHFVGVDGVRAFLQTYSHEVSLTADSRKSHLIFSQPSYADTLISRESCEKSEPLLITQDLLETKGDPNLQ|QAPPNTDWRFSQAQRPGTSGSQNGDDTGTWPNNQFDTEMLQAMILASASEAADGSSTLGGGAGTMGLSARYGPQFTLQHVPDYRQNVYIPGSNATLTNAAGKRDGKAPAGGNGNKKKSGKKEKK*	SRR8615416.15491287,SRR8615416.15491289,SRR8615416.15491295,SRR8615416.15491296,SRR8615416.15491297,SRR8615416.15491298,SRR8615416.15491299,SRR8615416.57003211,SRR8615416.15497086,SRR8615416.15497273,SRR8615416.15497508,SRR8615416.15497509,SRR8615416.15497597,SRR8615416.15497744,SRR8615416.15497934,SRR8615416.15498104,SRR8615416.15498341,SRR8615416.15497065,SRR8615416.15497326,SRR8615416.15497338,SRR8615416.15497433,SRR8615416.15497440,SRR8615416.15497993
PCDHGA4	PCDHGC5	+/+	+/+	chr5:141357621	chr5:141494807	CDS	CDS/splice-site	deletion/read-through	3	7	3	20	608	medium	in-frame	.	Cadherin-like(100%),Cadherin_cytoplasmic_C-terminal(100%),Cadherin_domain(100%)|Cadherin_C-terminal_cytoplasmic_tail__catenin-binding_region(100%)	.	.	ENSG00000262576.3	ENSG00000240764.4	ENST00000612927.1	ENST00000252087.3	downstream	upstream	duplicates(1),low_entropy(1),mismappers(5),mismatches(3)	GCAGCAGGTTGGCAGGTGTGCCTGCCTCGCACTTTGTGGGCGTGGACGGGGTTCGGGCTTTCCTGCAGACCTATTCCCACGAGGTCTCCCTCACCGCGGACTCGCGGAAGAGTCACCTGATCTTCTCCCAACCCAGCTATGCAGACACGCTCATCAGCCGGGAGAGTTGTGAGAAAAGCGAGCCTCTTCTGATAACTCAGGATTTACTTGAAACAAAAGGAGACCCTAATCTTCAG|CAAGCCCCGCCCAACACGGACTGGCGTTTCTCTCAGGCCCAGAGACCCGGCACCAGCGG___CTCCCAAAATGGCGATGACACCGGCACCTGGCCCAACAACCAGTTTGACACAGAGATGCTGCAAGCCATGATCTTGGCGTCCGCCAGTG___AAGCTGCTGATGGGAGCTCCACCCTGGGAGGGGGTGCCGGCACCATGGGATTGAGCGCCCGCTACGGACCCCAGTTCACCCTGCAGCACGTGCCCGACTACCGCCAGAATGTCTACATCCCAGGCAGCAATGCCACACTGACCAACGCAGCTGGCAAGCGGGATGGCAAGGCCCCAGCAGGTGGCAATGGCAACAAGAAGAAGTCGGGCAAGAAGGAGAAGAAGTAACATGGAGGCCAGGCCAAGAGCCACAGGGCGGCCTCTCCCCAACC	SRLAGVPASHFVGVDGVRAFLQTYSHEVSLTADSRKSHLIFSQPSYADTLISRESCEKSEPLLITQDLLETKGDPNLQ|QAPPNTDWRFSQAQRPGTSGSQNGDDTGTWPNNQFDTEMLQAMILASASEAADGSSTLGGGAGTMGLSARYGPQFTLQHVPDYRQNVYIPGSNATLTNAAGKRDGKAPAGGNGNKKKSGKKEKK*	SRR8615416.15491287,SRR8615416.15491289,SRR8615416.15491295,SRR8615416.15491296,SRR8615416.15491297,SRR8615416.15491298,SRR8615416.15491299,SRR8615416.57003211,SRR8615416.15497086,SRR8615416.15497273,SRR8615416.15497508,SRR8615416.15497509,SRR8615416.15497597,SRR8615416.15497744,SRR8615416.15497934,SRR8615416.15498104,SRR8615416.15498341,SRR8615416.15497065,SRR8615416.15497326,SRR8615416.15497338,SRR8615416.15497433,SRR8615416.15497440,SRR8615416.15497993
PCDHGA4	PCDHGA11	+/+	+/+	chr5:141357621	chr5:141494807	CDS	CDS/splice-site	deletion/read-through	3	7	3	20	608	medium	in-frame	.	Cadherin-like(100%),Cadherin_cytoplasmic_C-terminal(100%),Cadherin_domain(100%)|Cadherin_C-terminal_cytoplasmic_tail__catenin-binding_region(100%)	.	.	ENSG00000262576.3	ENSG00000253873.6	ENST00000612927.1	ENST00000398587.7	downstream	upstream	duplicates(1),low_entropy(1),mismappers(5),mismatches(3)	GCAGCAGGTTGGCAGGTGTGCCTGCCTCGCACTTTGTGGGCGTGGACGGGGTTCGGGCTTTCCTGCAGACCTATTCCCACGAGGTCTCCCTCACCGCGGACTCGCGGAAGAGTCACCTGATCTTCTCCCAACCCAGCTATGCAGACACGCTCATCAGCCGGGAGAGTTGTGAGAAAAGCGAGCCTCTTCTGATAACTCAGGATTTACTTGAAACAAAAGGAGACCCTAATCTTCAG|CAAGCCCCGCCCAACACGGACTGGCGTTTCTCTCAGGCCCAGAGACCCGGCACCAGCGG___CTCCCAAAATGGCGATGACACCGGCACCTGGCCCAACAACCAGTTTGACACAGAGATGCTGCAAGCCATGATCTTGGCGTCCGCCAGTG___AAGCTGCTGATGGGAGCTCCACCCTGGGAGGGGGTGCCGGCACCATGGGATTGAGCGCCCGCTACGGACCCCAGTTCACCCTGCAGCACGTGCCCGACTACCGCCAGAATGTCTACATCCCAGGCAGCAATGCCACACTGACCAACGCAGCTGGCAAGCGGGATGGCAAGGCCCCAGCAGGTGGCAATGGCAACAAGAAGAAGTCGGGCAAGAAGGAGAAGAAGTAACATGGAGGCCAGGCCAAGAGCCACAGGGCGGCCTCTCCCCAACC	SRLAGVPASHFVGVDGVRAFLQTYSHEVSLTADSRKSHLIFSQPSYADTLISRESCEKSEPLLITQDLLETKGDPNLQ|QAPPNTDWRFSQAQRPGTSGSQNGDDTGTWPNNQFDTEMLQAMILASASEAADGSSTLGGGAGTMGLSARYGPQFTLQHVPDYRQNVYIPGSNATLTNAAGKRDGKAPAGGNGNKKKSGKKEKK*	SRR8615416.15491287,SRR8615416.15491289,SRR8615416.15491295,SRR8615416.15491296,SRR8615416.15491297,SRR8615416.15491298,SRR8615416.15491299,SRR8615416.57003211,SRR8615416.15497086,SRR8615416.15497273,SRR8615416.15497508,SRR8615416.15497509,SRR8615416.15497597,SRR8615416.15497744,SRR8615416.15497934,SRR8615416.15498104,SRR8615416.15498341,SRR8615416.15497065,SRR8615416.15497326,SRR8615416.15497338,SRR8615416.15497433,SRR8615416.15497440,SRR8615416.15497993
PCDHGA4	PCDHGC4	+/+	+/+	chr5:141357621	chr5:141494807	CDS	CDS/splice-site	deletion/read-through	3	7	3	20	608	medium	in-frame	.	Cadherin-like(100%),Cadherin_cytoplasmic_C-terminal(100%),Cadherin_domain(100%)|Cadherin_C-terminal_cytoplasmic_tail__catenin-binding_region(100%)	.	.	ENSG00000262576.3	ENSG00000242419.5	ENST00000612927.1	ENST00000306593.1	downstream	upstream	duplicates(1),low_entropy(1),mismappers(5),mismatches(3)	GCAGCAGGTTGGCAGGTGTGCCTGCCTCGCACTTTGTGGGCGTGGACGGGGTTCGGGCTTTCCTGCAGACCTATTCCCACGAGGTCTCCCTCACCGCGGACTCGCGGAAGAGTCACCTGATCTTCTCCCAACCCAGCTATGCAGACACGCTCATCAGCCGGGAGAGTTGTGAGAAAAGCGAGCCTCTTCTGATAACTCAGGATTTACTTGAAACAAAAGGAGACCCTAATCTTCAG|CAAGCCCCGCCCAACACGGACTGGCGTTTCTCTCAGGCCCAGAGACCCGGCACCAGCGG___CTCCCAAAATGGCGATGACACCGGCACCTGGCCCAACAACCAGTTTGACACAGAGATGCTGCAAGCCATGATCTTGGCGTCCGCCAGTG___AAGCTGCTGATGGGAGCTCCACCCTGGGAGGGGGTGCCGGCACCATGGGATTGAGCGCCCGCTACGGACCCCAGTTCACCCTGCAGCACGTGCCCGACTACCGCCAGAATGTCTACATCCCAGGCAGCAATGCCACACTGACCAACGCAGCTGGCAAGCGGGATGGCAAGGCCCCAGCAGGTGGCAATGGCAACAAGAAGAAGTCGGGCAAGAAGGAGAAGAAGTAACATGGAGGCCAGGCCAAGAGCCACAGGGCGGCCTCTCCCCAACC	SRLAGVPASHFVGVDGVRAFLQTYSHEVSLTADSRKSHLIFSQPSYADTLISRESCEKSEPLLITQDLLETKGDPNLQ|QAPPNTDWRFSQAQRPGTSGSQNGDDTGTWPNNQFDTEMLQAMILASASEAADGSSTLGGGAGTMGLSARYGPQFTLQHVPDYRQNVYIPGSNATLTNAAGKRDGKAPAGGNGNKKKSGKKEKK*	SRR8615416.15491287,SRR8615416.15491289,SRR8615416.15491295,SRR8615416.15491296,SRR8615416.15491297,SRR8615416.15491298,SRR8615416.15491299,SRR8615416.57003211,SRR8615416.15497086,SRR8615416.15497273,SRR8615416.15497508,SRR8615416.15497509,SRR8615416.15497597,SRR8615416.15497744,SRR8615416.15497934,SRR8615416.15498104,SRR8615416.15498341,SRR8615416.15497065,SRR8615416.15497326,SRR8615416.15497338,SRR8615416.15497433,SRR8615416.15497440,SRR8615416.15497993
PCDHGA4	PCDHGA9	+/+	+/+	chr5:141357621	chr5:141494807	CDS	CDS/splice-site	deletion/read-through	3	7	3	20	608	medium	in-frame	.	Cadherin-like(100%),Cadherin_cytoplasmic_C-terminal(100%),Cadherin_domain(100%)|Cadherin_C-terminal_cytoplasmic_tail__catenin-binding_region(100%)	.	.	ENSG00000262576.3	ENSG00000261934.2	ENST00000612927.1	ENST00000573521.1	downstream	upstream	duplicates(1),low_entropy(1),mismappers(5),mismatches(3)	GCAGCAGGTTGGCAGGTGTGCCTGCCTCGCACTTTGTGGGCGTGGACGGGGTTCGGGCTTTCCTGCAGACCTATTCCCACGAGGTCTCCCTCACCGCGGACTCGCGGAAGAGTCACCTGATCTTCTCCCAACCCAGCTATGCAGACACGCTCATCAGCCGGGAGAGTTGTGAGAAAAGCGAGCCTCTTCTGATAACTCAGGATTTACTTGAAACAAAAGGAGACCCTAATCTTCAG|CAAGCCCCGCCCAACACGGACTGGCGTTTCTCTCAGGCCCAGAGACCCGGCACCAGCGG___CTCCCAAAATGGCGATGACACCGGCACCTGGCCCAACAACCAGTTTGACACAGAGATGCTGCAAGCCATGATCTTGGCGTCCGCCAGTG___AAGCTGCTGATGGGAGCTCCACCCTGGGAGGGGGTGCCGGCACCATGGGATTGAGCGCCCGCTACGGACCCCAGTTCACCCTGCAGCACGTGCCCGACTACCGCCAGAATGTCTACATCCCAGGCAGCAATGCCACACTGACCAACGCAGCTGGCAAGCGGGATGGCAAGGCCCCAGCAGGTGGCAATGGCAACAAGAAGAAGTCGGGCAAGAAGGAGAAGAAGTAACATGGAGGCCAGGCCAAGAGCCACAGGGCGGCCTCTCCCCAACC	SRLAGVPASHFVGVDGVRAFLQTYSHEVSLTADSRKSHLIFSQPSYADTLISRESCEKSEPLLITQDLLETKGDPNLQ|QAPPNTDWRFSQAQRPGTSGSQNGDDTGTWPNNQFDTEMLQAMILASASEAADGSSTLGGGAGTMGLSARYGPQFTLQHVPDYRQNVYIPGSNATLTNAAGKRDGKAPAGGNGNKKKSGKKEKK*	SRR8615416.15491287,SRR8615416.15491289,SRR8615416.15491295,SRR8615416.15491296,SRR8615416.15491297,SRR8615416.15491298,SRR8615416.15491299,SRR8615416.57003211,SRR8615416.15497086,SRR8615416.15497273,SRR8615416.15497508,SRR8615416.15497509,SRR8615416.15497597,SRR8615416.15497744,SRR8615416.15497934,SRR8615416.15498104,SRR8615416.15498341,SRR8615416.15497065,SRR8615416.15497326,SRR8615416.15497338,SRR8615416.15497433,SRR8615416.15497440,SRR8615416.15497993
PCDHGA4	PCDHGB7	+/+	+/+	chr5:141357621	chr5:141494807	CDS	CDS/splice-site	deletion/read-through	3	7	3	20	608	medium	in-frame	.	Cadherin-like(100%),Cadherin_cytoplasmic_C-terminal(100%),Cadherin_domain(100%)|Cadherin_C-terminal_cytoplasmic_tail__catenin-binding_region(100%)	.	.	ENSG00000262576.3	ENSG00000254122.3	ENST00000612927.1	ENST00000398594.4	downstream	upstream	duplicates(1),low_entropy(1),mismappers(5),mismatches(3)	GCAGCAGGTTGGCAGGTGTGCCTGCCTCGCACTTTGTGGGCGTGGACGGGGTTCGGGCTTTCCTGCAGACCTATTCCCACGAGGTCTCCCTCACCGCGGACTCGCGGAAGAGTCACCTGATCTTCTCCCAACCCAGCTATGCAGACACGCTCATCAGCCGGGAGAGTTGTGAGAAAAGCGAGCCTCTTCTGATAACTCAGGATTTACTTGAAACAAAAGGAGACCCTAATCTTCAG|CAAGCCCCGCCCAACACGGACTGGCGTTTCTCTCAGGCCCAGAGACCCGGCACCAGCGG___CTCCCAAAATGGCGATGACACCGGCACCTGGCCCAACAACCAGTTTGACACAGAGATGCTGCAAGCCATGATCTTGGCGTCCGCCAGTG___AAGCTGCTGATGGGAGCTCCACCCTGGGAGGGGGTGCCGGCACCATGGGATTGAGCGCCCGCTACGGACCCCAGTTCACCCTGCAGCACGTGCCCGACTACCGCCAGAATGTCTACATCCCAGGCAGCAATGCCACACTGACCAACGCAGCTGGCAAGCGGGATGGCAAGGCCCCAGCAGGTGGCAATGGCAACAAGAAGAAGTCGGGCAAGAAGGAGAAGAAGTAACATGGAGGCCAGGCCAAGAGCCACAGGGCGGCCTCTCCCCAACC	SRLAGVPASHFVGVDGVRAFLQTYSHEVSLTADSRKSHLIFSQPSYADTLISRESCEKSEPLLITQDLLETKGDPNLQ|QAPPNTDWRFSQAQRPGTSGSQNGDDTGTWPNNQFDTEMLQAMILASASEAADGSSTLGGGAGTMGLSARYGPQFTLQHVPDYRQNVYIPGSNATLTNAAGKRDGKAPAGGNGNKKKSGKKEKK*	SRR8615416.15491287,SRR8615416.15491289,SRR8615416.15491295,SRR8615416.15491296,SRR8615416.15491297,SRR8615416.15491298,SRR8615416.15491299,SRR8615416.57003211,SRR8615416.15497086,SRR8615416.15497273,SRR8615416.15497508,SRR8615416.15497509,SRR8615416.15497597,SRR8615416.15497744,SRR8615416.15497934,SRR8615416.15498104,SRR8615416.15498341,SRR8615416.15497065,SRR8615416.15497326,SRR8615416.15497338,SRR8615416.15497433,SRR8615416.15497440,SRR8615416.15497993
PCDHGA4	PCDHGC3	+/+	+/+	chr5:141357621	chr5:141494807	CDS	CDS/splice-site	deletion/read-through	3	7	3	20	608	medium	in-frame	.	Cadherin-like(100%),Cadherin_cytoplasmic_C-terminal(100%),Cadherin_domain(100%)|Cadherin_C-terminal_cytoplasmic_tail__catenin-binding_region(100%)	.	.	ENSG00000262576.3	ENSG00000240184.7	ENST00000612927.1	ENST00000308177.5	downstream	upstream	duplicates(1),low_entropy(1),mismappers(5),mismatches(3)	GCAGCAGGTTGGCAGGTGTGCCTGCCTCGCACTTTGTGGGCGTGGACGGGGTTCGGGCTTTCCTGCAGACCTATTCCCACGAGGTCTCCCTCACCGCGGACTCGCGGAAGAGTCACCTGATCTTCTCCCAACCCAGCTATGCAGACACGCTCATCAGCCGGGAGAGTTGTGAGAAAAGCGAGCCTCTTCTGATAACTCAGGATTTACTTGAAACAAAAGGAGACCCTAATCTTCAG|CAAGCCCCGCCCAACACGGACTGGCGTTTCTCTCAGGCCCAGAGACCCGGCACCAGCGG___CTCCCAAAATGGCGATGACACCGGCACCTGGCCCAACAACCAGTTTGACACAGAGATGCTGCAAGCCATGATCTTGGCGTCCGCCAGTG___AAGCTGCTGATGGGAGCTCCACCCTGGGAGGGGGTGCCGGCACCATGGGATTGAGCGCCCGCTACGGACCCCAGTTCACCCTGCAGCACGTGCCCGACTACCGCCAGAATGTCTACATCCCAGGCAGCAATGCCACACTGACCAACGCAGCTGGCAAGCGGGATGGCAAGGCCCCAGCAGGTGGCAATGGCAACAAGAAGAAGTCGGGCAAGAAGGAGAAGAAGTAACATGGAGGCCAGGCCAAGAGCCACAGGGCGGCCTCTCCCCAACC	SRLAGVPASHFVGVDGVRAFLQTYSHEVSLTADSRKSHLIFSQPSYADTLISRESCEKSEPLLITQDLLETKGDPNLQ|QAPPNTDWRFSQAQRPGTSGSQNGDDTGTWPNNQFDTEMLQAMILASASEAADGSSTLGGGAGTMGLSARYGPQFTLQHVPDYRQNVYIPGSNATLTNAAGKRDGKAPAGGNGNKKKSGKKEKK*	SRR8615416.15491287,SRR8615416.15491289,SRR8615416.15491295,SRR8615416.15491296,SRR8615416.15491297,SRR8615416.15491298,SRR8615416.15491299,SRR8615416.57003211,SRR8615416.15497086,SRR8615416.15497273,SRR8615416.15497508,SRR8615416.15497509,SRR8615416.15497597,SRR8615416.15497744,SRR8615416.15497934,SRR8615416.15498104,SRR8615416.15498341,SRR8615416.15497065,SRR8615416.15497326,SRR8615416.15497338,SRR8615416.15497433,SRR8615416.15497440,SRR8615416.15497993
PCDHGA4	PCDHGA12	+/+	+/+	chr5:141357621	chr5:141494807	CDS	CDS/splice-site	deletion/read-through	3	7	3	20	608	medium	in-frame	.	Cadherin-like(100%),Cadherin_cytoplasmic_C-terminal(100%),Cadherin_domain(100%)|Cadherin_C-terminal_cytoplasmic_tail__catenin-binding_region(100%)	.	.	ENSG00000262576.3	ENSG00000253159.3	ENST00000612927.1	ENST00000252085.4	downstream	upstream	duplicates(1),low_entropy(1),mismappers(5),mismatches(3)	GCAGCAGGTTGGCAGGTGTGCCTGCCTCGCACTTTGTGGGCGTGGACGGGGTTCGGGCTTTCCTGCAGACCTATTCCCACGAGGTCTCCCTCACCGCGGACTCGCGGAAGAGTCACCTGATCTTCTCCCAACCCAGCTATGCAGACACGCTCATCAGCCGGGAGAGTTGTGAGAAAAGCGAGCCTCTTCTGATAACTCAGGATTTACTTGAAACAAAAGGAGACCCTAATCTTCAG|CAAGCCCCGCCCAACACGGACTGGCGTTTCTCTCAGGCCCAGAGACCCGGCACCAGCGG___CTCCCAAAATGGCGATGACACCGGCACCTGGCCCAACAACCAGTTTGACACAGAGATGCTGCAAGCCATGATCTTGGCGTCCGCCAGTG___AAGCTGCTGATGGGAGCTCCACCCTGGGAGGGGGTGCCGGCACCATGGGATTGAGCGCCCGCTACGGACCCCAGTTCACCCTGCAGCACGTGCCCGACTACCGCCAGAATGTCTACATCCCAGGCAGCAATGCCACACTGACCAACGCAGCTGGCAAGCGGGATGGCAAGGCCCCAGCAGGTGGCAATGGCAACAAGAAGAAGTCGGGCAAGAAGGAGAAGAAGTAACATGGAGGCCAGGCCAAGAGCCACAGGGCGGCCTCTCCCCAACC	SRLAGVPASHFVGVDGVRAFLQTYSHEVSLTADSRKSHLIFSQPSYADTLISRESCEKSEPLLITQDLLETKGDPNLQ|QAPPNTDWRFSQAQRPGTSGSQNGDDTGTWPNNQFDTEMLQAMILASASEAADGSSTLGGGAGTMGLSARYGPQFTLQHVPDYRQNVYIPGSNATLTNAAGKRDGKAPAGGNGNKKKSGKKEKK*	SRR8615416.15491287,SRR8615416.15491289,SRR8615416.15491295,SRR8615416.15491296,SRR8615416.15491297,SRR8615416.15491298,SRR8615416.15491299,SRR8615416.57003211,SRR8615416.15497086,SRR8615416.15497273,SRR8615416.15497508,SRR8615416.15497509,SRR8615416.15497597,SRR8615416.15497744,SRR8615416.15497934,SRR8615416.15498104,SRR8615416.15498341,SRR8615416.15497065,SRR8615416.15497326,SRR8615416.15497338,SRR8615416.15497433,SRR8615416.15497440,SRR8615416.15497993
PCDHGA3	PCDHGA8	+/+	+/+	chr5:141346457	chr5:141494807	CDS	CDS/splice-site	deletion/read-through	2	3	3	10	608	medium	in-frame	.	Cadherin-like(100%),Cadherin_cytoplasmic_C-terminal(100%),Cadherin_domain(100%)|Cadherin_C-terminal_cytoplasmic_tail__catenin-binding_region(100%)	.	.	ENSG00000254245.3	ENSG00000253767.3	ENST00000619750.1	ENST00000398604.3	downstream	upstream	duplicates(3),mismappers(5),mismatches(2)	GGCGAGTACGCCCGGCTCGCACTTTGTGGGCGtGGACGGGGTTCGGGCTTTCCTGCAGACCTATTCCCACGAGGTCTCCCTCACTGCGGACTCGCGGAAGAGCCACCTGATTTTCCCCCAGCCCAACTATGCGGACACGCTCATCAGCCAGGAGAGCTGTGAGAAAAGCGAGCCTCTTCTGATAACTCAGGATTTACTTGAAATGAAAGGAGATTCCAACCTACTTCAG|CAAGCCCCGCCCAACACGGACTGGCGTTTCTCTCAGGCCCAGAGACCCGGCACCAGCGG___CTCCCAAAATGGCGATGACACCGGCACCTGGCCCAACAACCAGTTTGACACAGAGATGCTGCAAGCCATGATCTTGGCGTCCGCCAGTG___AAGCTGCTGATGGGAGCTCCACCCTGGGAGGGGGTGCCGGCACCATGGGATTGAGCGCCCGCTACGGACCCCAGTTCACCCTGCAGCACGTGCCCGAC...CACACTGACCAACGCAGCTGGCAAGCGGGATGGCAAGGCCCCAGCAGGTGGCAATGGCAACAAGAAGAAGTCGGGCAAGAAGGAGAAGAAGTAACATGGAG	ASTPGSHFVGvDGVRAFLQTYSHEVSLTADSRKSHLIFPQPNYADTLISQESCEKSEPLLITQDLLEMKGDSNLLQ|QAPPNTDWRFSQAQRPGTSGSQNGDDTGTWPNNQFDTEMLQAMILASASEAADGSSTLGGGAGTMGLSARYGPQFTLQHVP	SRR8615416.15491103,SRR8615416.15491104,SRR8615416.15491104,SRR8615416.15491105,SRR8615416.15491107,SRR8615416.15491108,SRR8615416.15497368,SRR8615416.15497788,SRR8615416.57457962,SRR8615416.15497013,SRR8615416.15497043,SRR8615416.15497224,SRR8615416.15497226,SRR8615416.15497254,SRR8615416.15497257,SRR8615416.15497752,SRR8615416.15497755,SRR8615416.55431771
PCDHGA3	PCDHGA10	+/+	+/+	chr5:141346457	chr5:141494807	CDS	CDS/splice-site	deletion/read-through	2	3	3	10	608	medium	in-frame	.	Cadherin-like(100%),Cadherin_cytoplasmic_C-terminal(100%),Cadherin_domain(100%)|Cadherin_C-terminal_cytoplasmic_tail__catenin-binding_region(100%)	.	.	ENSG00000254245.3	ENSG00000253846.2	ENST00000619750.1	ENST00000398610.2	downstream	upstream	duplicates(3),mismappers(5),mismatches(2)	GGCGAGTACGCCCGGCTCGCACTTTGTGGGCGtGGACGGGGTTCGGGCTTTCCTGCAGACCTATTCCCACGAGGTCTCCCTCACTGCGGACTCGCGGAAGAGCCACCTGATTTTCCCCCAGCCCAACTATGCGGACACGCTCATCAGCCAGGAGAGCTGTGAGAAAAGCGAGCCTCTTCTGATAACTCAGGATTTACTTGAAATGAAAGGAGATTCCAACCTACTTCAG|CAAGCCCCGCCCAACACGGACTGGCGTTTCTCTCAGGCCCAGAGACCCGGCACCAGCGG___CTCCCAAAATGGCGATGACACCGGCACCTGGCCCAACAACCAGTTTGACACAGAGATGCTGCAAGCCATGATCTTGGCGTCCGCCAGTG___AAGCTGCTGATGGGAGCTCCACCCTGGGAGGGGGTGCCGGCACCATGGGATTGAGCGCCCGCTACGGACCCCAGTTCACCCTGCAGCACGTGCCCGAC...CACACTGACCAACGCAGCTGGCAAGCGGGATGGCAAGGCCCCAGCAGGTGGCAATGGCAACAAGAAGAAGTCGGGCAAGAAGGAGAAGAAGTAACATGGAG	ASTPGSHFVGvDGVRAFLQTYSHEVSLTADSRKSHLIFPQPNYADTLISQESCEKSEPLLITQDLLEMKGDSNLLQ|QAPPNTDWRFSQAQRPGTSGSQNGDDTGTWPNNQFDTEMLQAMILASASEAADGSSTLGGGAGTMGLSARYGPQFTLQHVP	SRR8615416.15491103,SRR8615416.15491104,SRR8615416.15491104,SRR8615416.15491105,SRR8615416.15491107,SRR8615416.15491108,SRR8615416.15497368,SRR8615416.15497788,SRR8615416.57457962,SRR8615416.15497013,SRR8615416.15497043,SRR8615416.15497224,SRR8615416.15497226,SRR8615416.15497254,SRR8615416.15497257,SRR8615416.15497752,SRR8615416.15497755,SRR8615416.55431771
PCDHGA3	PCDHGB6	+/+	+/+	chr5:141346457	chr5:141494807	CDS	CDS/splice-site	deletion/read-through	2	3	3	10	608	medium	in-frame	.	Cadherin-like(100%),Cadherin_cytoplasmic_C-terminal(100%),Cadherin_domain(100%)|Cadherin_C-terminal_cytoplasmic_tail__catenin-binding_region(100%)	.	.	ENSG00000254245.3	ENSG00000253305.2	ENST00000619750.1	ENST00000520790.1	downstream	upstream	duplicates(3),mismappers(5),mismatches(2)	GGCGAGTACGCCCGGCTCGCACTTTGTGGGCGtGGACGGGGTTCGGGCTTTCCTGCAGACCTATTCCCACGAGGTCTCCCTCACTGCGGACTCGCGGAAGAGCCACCTGATTTTCCCCCAGCCCAACTATGCGGACACGCTCATCAGCCAGGAGAGCTGTGAGAAAAGCGAGCCTCTTCTGATAACTCAGGATTTACTTGAAATGAAAGGAGATTCCAACCTACTTCAG|CAAGCCCCGCCCAACACGGACTGGCGTTTCTCTCAGGCCCAGAGACCCGGCACCAGCGG___CTCCCAAAATGGCGATGACACCGGCACCTGGCCCAACAACCAGTTTGACACAGAGATGCTGCAAGCCATGATCTTGGCGTCCGCCAGTG___AAGCTGCTGATGGGAGCTCCACCCTGGGAGGGGGTGCCGGCACCATGGGATTGAGCGCCCGCTACGGACCCCAGTTCACCCTGCAGCACGTGCCCGAC...CACACTGACCAACGCAGCTGGCAAGCGGGATGGCAAGGCCCCAGCAGGTGGCAATGGCAACAAGAAGAAGTCGGGCAAGAAGGAGAAGAAGTAACATGGAG	ASTPGSHFVGvDGVRAFLQTYSHEVSLTADSRKSHLIFPQPNYADTLISQESCEKSEPLLITQDLLEMKGDSNLLQ|QAPPNTDWRFSQAQRPGTSGSQNGDDTGTWPNNQFDTEMLQAMILASASEAADGSSTLGGGAGTMGLSARYGPQFTLQHVP	SRR8615416.15491103,SRR8615416.15491104,SRR8615416.15491104,SRR8615416.15491105,SRR8615416.15491107,SRR8615416.15491108,SRR8615416.15497368,SRR8615416.15497788,SRR8615416.57457962,SRR8615416.15497013,SRR8615416.15497043,SRR8615416.15497224,SRR8615416.15497226,SRR8615416.15497254,SRR8615416.15497257,SRR8615416.15497752,SRR8615416.15497755,SRR8615416.55431771
PCDHGA3	PCDHGC5	+/+	+/+	chr5:141346457	chr5:141494807	CDS	CDS/splice-site	deletion/read-through	2	3	3	10	608	medium	in-frame	.	Cadherin-like(100%),Cadherin_cytoplasmic_C-terminal(100%),Cadherin_domain(100%)|Cadherin_C-terminal_cytoplasmic_tail__catenin-binding_region(100%)	.	.	ENSG00000254245.3	ENSG00000240764.4	ENST00000619750.1	ENST00000252087.3	downstream	upstream	duplicates(3),mismappers(5),mismatches(2)	GGCGAGTACGCCCGGCTCGCACTTTGTGGGCGtGGACGGGGTTCGGGCTTTCCTGCAGACCTATTCCCACGAGGTCTCCCTCACTGCGGACTCGCGGAAGAGCCACCTGATTTTCCCCCAGCCCAACTATGCGGACACGCTCATCAGCCAGGAGAGCTGTGAGAAAAGCGAGCCTCTTCTGATAACTCAGGATTTACTTGAAATGAAAGGAGATTCCAACCTACTTCAG|CAAGCCCCGCCCAACACGGACTGGCGTTTCTCTCAGGCCCAGAGACCCGGCACCAGCGG___CTCCCAAAATGGCGATGACACCGGCACCTGGCCCAACAACCAGTTTGACACAGAGATGCTGCAAGCCATGATCTTGGCGTCCGCCAGTG___AAGCTGCTGATGGGAGCTCCACCCTGGGAGGGGGTGCCGGCACCATGGGATTGAGCGCCCGCTACGGACCCCAGTTCACCCTGCAGCACGTGCCCGAC...CACACTGACCAACGCAGCTGGCAAGCGGGATGGCAAGGCCCCAGCAGGTGGCAATGGCAACAAGAAGAAGTCGGGCAAGAAGGAGAAGAAGTAACATGGAG	ASTPGSHFVGvDGVRAFLQTYSHEVSLTADSRKSHLIFPQPNYADTLISQESCEKSEPLLITQDLLEMKGDSNLLQ|QAPPNTDWRFSQAQRPGTSGSQNGDDTGTWPNNQFDTEMLQAMILASASEAADGSSTLGGGAGTMGLSARYGPQFTLQHVP	SRR8615416.15491103,SRR8615416.15491104,SRR8615416.15491104,SRR8615416.15491105,SRR8615416.15491107,SRR8615416.15491108,SRR8615416.15497368,SRR8615416.15497788,SRR8615416.57457962,SRR8615416.15497013,SRR8615416.15497043,SRR8615416.15497224,SRR8615416.15497226,SRR8615416.15497254,SRR8615416.15497257,SRR8615416.15497752,SRR8615416.15497755,SRR8615416.55431771
PCDHGA3	PCDHGA11	+/+	+/+	chr5:141346457	chr5:141494807	CDS	CDS/splice-site	deletion/read-through	2	3	3	10	608	medium	in-frame	.	Cadherin-like(100%),Cadherin_cytoplasmic_C-terminal(100%),Cadherin_domain(100%)|Cadherin_C-terminal_cytoplasmic_tail__catenin-binding_region(100%)	.	.	ENSG00000254245.3	ENSG00000253873.6	ENST00000619750.1	ENST00000398587.7	downstream	upstream	duplicates(3),mismappers(5),mismatches(2)	GGCGAGTACGCCCGGCTCGCACTTTGTGGGCGtGGACGGGGTTCGGGCTTTCCTGCAGACCTATTCCCACGAGGTCTCCCTCACTGCGGACTCGCGGAAGAGCCACCTGATTTTCCCCCAGCCCAACTATGCGGACACGCTCATCAGCCAGGAGAGCTGTGAGAAAAGCGAGCCTCTTCTGATAACTCAGGATTTACTTGAAATGAAAGGAGATTCCAACCTACTTCAG|CAAGCCCCGCCCAACACGGACTGGCGTTTCTCTCAGGCCCAGAGACCCGGCACCAGCGG___CTCCCAAAATGGCGATGACACCGGCACCTGGCCCAACAACCAGTTTGACACAGAGATGCTGCAAGCCATGATCTTGGCGTCCGCCAGTG___AAGCTGCTGATGGGAGCTCCACCCTGGGAGGGGGTGCCGGCACCATGGGATTGAGCGCCCGCTACGGACCCCAGTTCACCCTGCAGCACGTGCCCGAC...CACACTGACCAACGCAGCTGGCAAGCGGGATGGCAAGGCCCCAGCAGGTGGCAATGGCAACAAGAAGAAGTCGGGCAAGAAGGAGAAGAAGTAACATGGAG	ASTPGSHFVGvDGVRAFLQTYSHEVSLTADSRKSHLIFPQPNYADTLISQESCEKSEPLLITQDLLEMKGDSNLLQ|QAPPNTDWRFSQAQRPGTSGSQNGDDTGTWPNNQFDTEMLQAMILASASEAADGSSTLGGGAGTMGLSARYGPQFTLQHVP	SRR8615416.15491103,SRR8615416.15491104,SRR8615416.15491104,SRR8615416.15491105,SRR8615416.15491107,SRR8615416.15491108,SRR8615416.15497368,SRR8615416.15497788,SRR8615416.57457962,SRR8615416.15497013,SRR8615416.15497043,SRR8615416.15497224,SRR8615416.15497226,SRR8615416.15497254,SRR8615416.15497257,SRR8615416.15497752,SRR8615416.15497755,SRR8615416.55431771
PCDHGA3	PCDHGC4	+/+	+/+	chr5:141346457	chr5:141494807	CDS	CDS/splice-site	deletion/read-through	2	3	3	10	608	medium	in-frame	.	Cadherin-like(100%),Cadherin_cytoplasmic_C-terminal(100%),Cadherin_domain(100%)|Cadherin_C-terminal_cytoplasmic_tail__catenin-binding_region(100%)	.	.	ENSG00000254245.3	ENSG00000242419.5	ENST00000619750.1	ENST00000306593.1	downstream	upstream	duplicates(3),mismappers(5),mismatches(2)	GGCGAGTACGCCCGGCTCGCACTTTGTGGGCGtGGACGGGGTTCGGGCTTTCCTGCAGACCTATTCCCACGAGGTCTCCCTCACTGCGGACTCGCGGAAGAGCCACCTGATTTTCCCCCAGCCCAACTATGCGGACACGCTCATCAGCCAGGAGAGCTGTGAGAAAAGCGAGCCTCTTCTGATAACTCAGGATTTACTTGAAATGAAAGGAGATTCCAACCTACTTCAG|CAAGCCCCGCCCAACACGGACTGGCGTTTCTCTCAGGCCCAGAGACCCGGCACCAGCGG___CTCCCAAAATGGCGATGACACCGGCACCTGGCCCAACAACCAGTTTGACACAGAGATGCTGCAAGCCATGATCTTGGCGTCCGCCAGTG___AAGCTGCTGATGGGAGCTCCACCCTGGGAGGGGGTGCCGGCACCATGGGATTGAGCGCCCGCTACGGACCCCAGTTCACCCTGCAGCACGTGCCCGAC...CACACTGACCAACGCAGCTGGCAAGCGGGATGGCAAGGCCCCAGCAGGTGGCAATGGCAACAAGAAGAAGTCGGGCAAGAAGGAGAAGAAGTAACATGGAG	ASTPGSHFVGvDGVRAFLQTYSHEVSLTADSRKSHLIFPQPNYADTLISQESCEKSEPLLITQDLLEMKGDSNLLQ|QAPPNTDWRFSQAQRPGTSGSQNGDDTGTWPNNQFDTEMLQAMILASASEAADGSSTLGGGAGTMGLSARYGPQFTLQHVP	SRR8615416.15491103,SRR8615416.15491104,SRR8615416.15491104,SRR8615416.15491105,SRR8615416.15491107,SRR8615416.15491108,SRR8615416.15497368,SRR8615416.15497788,SRR8615416.57457962,SRR8615416.15497013,SRR8615416.15497043,SRR8615416.15497224,SRR8615416.15497226,SRR8615416.15497254,SRR8615416.15497257,SRR8615416.15497752,SRR8615416.15497755,SRR8615416.55431771
PCDHGA3	PCDHGA9	+/+	+/+	chr5:141346457	chr5:141494807	CDS	CDS/splice-site	deletion/read-through	2	3	3	10	608	medium	in-frame	.	Cadherin-like(100%),Cadherin_cytoplasmic_C-terminal(100%),Cadherin_domain(100%)|Cadherin_C-terminal_cytoplasmic_tail__catenin-binding_region(100%)	.	.	ENSG00000254245.3	ENSG00000261934.2	ENST00000619750.1	ENST00000573521.1	downstream	upstream	duplicates(3),mismappers(5),mismatches(2)	GGCGAGTACGCCCGGCTCGCACTTTGTGGGCGtGGACGGGGTTCGGGCTTTCCTGCAGACCTATTCCCACGAGGTCTCCCTCACTGCGGACTCGCGGAAGAGCCACCTGATTTTCCCCCAGCCCAACTATGCGGACACGCTCATCAGCCAGGAGAGCTGTGAGAAAAGCGAGCCTCTTCTGATAACTCAGGATTTACTTGAAATGAAAGGAGATTCCAACCTACTTCAG|CAAGCCCCGCCCAACACGGACTGGCGTTTCTCTCAGGCCCAGAGACCCGGCACCAGCGG___CTCCCAAAATGGCGATGACACCGGCACCTGGCCCAACAACCAGTTTGACACAGAGATGCTGCAAGCCATGATCTTGGCGTCCGCCAGTG___AAGCTGCTGATGGGAGCTCCACCCTGGGAGGGGGTGCCGGCACCATGGGATTGAGCGCCCGCTACGGACCCCAGTTCACCCTGCAGCACGTGCCCGAC...CACACTGACCAACGCAGCTGGCAAGCGGGATGGCAAGGCCCCAGCAGGTGGCAATGGCAACAAGAAGAAGTCGGGCAAGAAGGAGAAGAAGTAACATGGAG	ASTPGSHFVGvDGVRAFLQTYSHEVSLTADSRKSHLIFPQPNYADTLISQESCEKSEPLLITQDLLEMKGDSNLLQ|QAPPNTDWRFSQAQRPGTSGSQNGDDTGTWPNNQFDTEMLQAMILASASEAADGSSTLGGGAGTMGLSARYGPQFTLQHVP	SRR8615416.15491103,SRR8615416.15491104,SRR8615416.15491104,SRR8615416.15491105,SRR8615416.15491107,SRR8615416.15491108,SRR8615416.15497368,SRR8615416.15497788,SRR8615416.57457962,SRR8615416.15497013,SRR8615416.15497043,SRR8615416.15497224,SRR8615416.15497226,SRR8615416.15497254,SRR8615416.15497257,SRR8615416.15497752,SRR8615416.15497755,SRR8615416.55431771
PCDHGA3	PCDHGB7	+/+	+/+	chr5:141346457	chr5:141494807	CDS	CDS/splice-site	deletion/read-through	2	3	3	10	608	medium	in-frame	.	Cadherin-like(100%),Cadherin_cytoplasmic_C-terminal(100%),Cadherin_domain(100%)|Cadherin_C-terminal_cytoplasmic_tail__catenin-binding_region(100%)	.	.	ENSG00000254245.3	ENSG00000254122.3	ENST00000619750.1	ENST00000398594.4	downstream	upstream	duplicates(3),mismappers(5),mismatches(2)	GGCGAGTACGCCCGGCTCGCACTTTGTGGGCGtGGACGGGGTTCGGGCTTTCCTGCAGACCTATTCCCACGAGGTCTCCCTCACTGCGGACTCGCGGAAGAGCCACCTGATTTTCCCCCAGCCCAACTATGCGGACACGCTCATCAGCCAGGAGAGCTGTGAGAAAAGCGAGCCTCTTCTGATAACTCAGGATTTACTTGAAATGAAAGGAGATTCCAACCTACTTCAG|CAAGCCCCGCCCAACACGGACTGGCGTTTCTCTCAGGCCCAGAGACCCGGCACCAGCGG___CTCCCAAAATGGCGATGACACCGGCACCTGGCCCAACAACCAGTTTGACACAGAGATGCTGCAAGCCATGATCTTGGCGTCCGCCAGTG___AAGCTGCTGATGGGAGCTCCACCCTGGGAGGGGGTGCCGGCACCATGGGATTGAGCGCCCGCTACGGACCCCAGTTCACCCTGCAGCACGTGCCCGAC...CACACTGACCAACGCAGCTGGCAAGCGGGATGGCAAGGCCCCAGCAGGTGGCAATGGCAACAAGAAGAAGTCGGGCAAGAAGGAGAAGAAGTAACATGGAG	ASTPGSHFVGvDGVRAFLQTYSHEVSLTADSRKSHLIFPQPNYADTLISQESCEKSEPLLITQDLLEMKGDSNLLQ|QAPPNTDWRFSQAQRPGTSGSQNGDDTGTWPNNQFDTEMLQAMILASASEAADGSSTLGGGAGTMGLSARYGPQFTLQHVP	SRR8615416.15491103,SRR8615416.15491104,SRR8615416.15491104,SRR8615416.15491105,SRR8615416.15491107,SRR8615416.15491108,SRR8615416.15497368,SRR8615416.15497788,SRR8615416.57457962,SRR8615416.15497013,SRR8615416.15497043,SRR8615416.15497224,SRR8615416.15497226,SRR8615416.15497254,SRR8615416.15497257,SRR8615416.15497752,SRR8615416.15497755,SRR8615416.55431771
PCDHGA3	PCDHGC3	+/+	+/+	chr5:141346457	chr5:141494807	CDS	CDS/splice-site	deletion/read-through	2	3	3	10	608	medium	in-frame	.	Cadherin-like(100%),Cadherin_cytoplasmic_C-terminal(100%),Cadherin_domain(100%)|Cadherin_C-terminal_cytoplasmic_tail__catenin-binding_region(100%)	.	.	ENSG00000254245.3	ENSG00000240184.7	ENST00000619750.1	ENST00000308177.5	downstream	upstream	duplicates(3),mismappers(5),mismatches(2)	GGCGAGTACGCCCGGCTCGCACTTTGTGGGCGtGGACGGGGTTCGGGCTTTCCTGCAGACCTATTCCCACGAGGTCTCCCTCACTGCGGACTCGCGGAAGAGCCACCTGATTTTCCCCCAGCCCAACTATGCGGACACGCTCATCAGCCAGGAGAGCTGTGAGAAAAGCGAGCCTCTTCTGATAACTCAGGATTTACTTGAAATGAAAGGAGATTCCAACCTACTTCAG|CAAGCCCCGCCCAACACGGACTGGCGTTTCTCTCAGGCCCAGAGACCCGGCACCAGCGG___CTCCCAAAATGGCGATGACACCGGCACCTGGCCCAACAACCAGTTTGACACAGAGATGCTGCAAGCCATGATCTTGGCGTCCGCCAGTG___AAGCTGCTGATGGGAGCTCCACCCTGGGAGGGGGTGCCGGCACCATGGGATTGAGCGCCCGCTACGGACCCCAGTTCACCCTGCAGCACGTGCCCGAC...CACACTGACCAACGCAGCTGGCAAGCGGGATGGCAAGGCCCCAGCAGGTGGCAATGGCAACAAGAAGAAGTCGGGCAAGAAGGAGAAGAAGTAACATGGAG	ASTPGSHFVGvDGVRAFLQTYSHEVSLTADSRKSHLIFPQPNYADTLISQESCEKSEPLLITQDLLEMKGDSNLLQ|QAPPNTDWRFSQAQRPGTSGSQNGDDTGTWPNNQFDTEMLQAMILASASEAADGSSTLGGGAGTMGLSARYGPQFTLQHVP	SRR8615416.15491103,SRR8615416.15491104,SRR8615416.15491104,SRR8615416.15491105,SRR8615416.15491107,SRR8615416.15491108,SRR8615416.15497368,SRR8615416.15497788,SRR8615416.57457962,SRR8615416.15497013,SRR8615416.15497043,SRR8615416.15497224,SRR8615416.15497226,SRR8615416.15497254,SRR8615416.15497257,SRR8615416.15497752,SRR8615416.15497755,SRR8615416.55431771
PCDHGA3	PCDHGA12	+/+	+/+	chr5:141346457	chr5:141494807	CDS	CDS/splice-site	deletion/read-through	2	3	3	10	608	medium	in-frame	.	Cadherin-like(100%),Cadherin_cytoplasmic_C-terminal(100%),Cadherin_domain(100%)|Cadherin_C-terminal_cytoplasmic_tail__catenin-binding_region(100%)	.	.	ENSG00000254245.3	ENSG00000253159.3	ENST00000619750.1	ENST00000252085.4	downstream	upstream	duplicates(3),mismappers(5),mismatches(2)	GGCGAGTACGCCCGGCTCGCACTTTGTGGGCGtGGACGGGGTTCGGGCTTTCCTGCAGACCTATTCCCACGAGGTCTCCCTCACTGCGGACTCGCGGAAGAGCCACCTGATTTTCCCCCAGCCCAACTATGCGGACACGCTCATCAGCCAGGAGAGCTGTGAGAAAAGCGAGCCTCTTCTGATAACTCAGGATTTACTTGAAATGAAAGGAGATTCCAACCTACTTCAG|CAAGCCCCGCCCAACACGGACTGGCGTTTCTCTCAGGCCCAGAGACCCGGCACCAGCGG___CTCCCAAAATGGCGATGACACCGGCACCTGGCCCAACAACCAGTTTGACACAGAGATGCTGCAAGCCATGATCTTGGCGTCCGCCAGTG___AAGCTGCTGATGGGAGCTCCACCCTGGGAGGGGGTGCCGGCACCATGGGATTGAGCGCCCGCTACGGACCCCAGTTCACCCTGCAGCACGTGCCCGAC...CACACTGACCAACGCAGCTGGCAAGCGGGATGGCAAGGCCCCAGCAGGTGGCAATGGCAACAAGAAGAAGTCGGGCAAGAAGGAGAAGAAGTAACATGGAG	ASTPGSHFVGvDGVRAFLQTYSHEVSLTADSRKSHLIFPQPNYADTLISQESCEKSEPLLITQDLLEMKGDSNLLQ|QAPPNTDWRFSQAQRPGTSGSQNGDDTGTWPNNQFDTEMLQAMILASASEAADGSSTLGGGAGTMGLSARYGPQFTLQHVP	SRR8615416.15491103,SRR8615416.15491104,SRR8615416.15491104,SRR8615416.15491105,SRR8615416.15491107,SRR8615416.15491108,SRR8615416.15497368,SRR8615416.15497788,SRR8615416.57457962,SRR8615416.15497013,SRR8615416.15497043,SRR8615416.15497224,SRR8615416.15497226,SRR8615416.15497254,SRR8615416.15497257,SRR8615416.15497752,SRR8615416.15497755,SRR8615416.55431771
RBM14	RBM4	+/+	+/+	chr11:66617057	chr11:66646027	CDS/splice-site	CDS/splice-site	deletion/read-through	1	4	3	202	390	low	in-frame	.	RNA_recognition_motif._(a.k.a._RRM__RBD__or_RNP_domain)(100%)|RNA_recognition_motif._(a.k.a._RRM__RBD__or_RNP_domain)(100%)	.	.	ENSG00000239306.5	ENSG00000173933.21	ENST00000310137.5	ENST00000398692.8	downstream	upstream	mismatches(1)	ACAGTTCGCCTTCGTGCACATGCGCGAGAACGCGGGCGCGCTGCGCGCCATCGAAGCCCTGCACGGCCACGAGCTGCGGCCGGGGCGCGCGCTCGgGGgGG...ATTTTCGTGGGCAATGTGTCGGCTGCATGCACGAGCCAGGAACTGCGCAGCCTCTTCGAGCGCCGCGGACGCGTCATCGAGTGTGACGTGGTGAAAG|GTGGGATGTGTGTGGGCTGAAATTCCGAGCTGCGGTTGTGCATGAGAATACACCCTTCG...CCCATCTCCGGGACGTTCTCGGCTCTGTGCGTTCAGTCCCTCAGGAACCGTGGACCTTAATTTACCTTGCTAAGTTCAGACCTTCTCTTCCTTTCCTTTCCTTTCCTCTCCTGCCCATTTTCCTGTcCTTCTGTCCTTCAATACTTCTGTAGCTTCCCATTCATGTTCTCTTCTCCCAGCAGGCCTCATTGTGTGCAGA	IFVGNVSAACTSQELRSLFERRGRVIECDVVK|gGMCVG*	SRR8615416.29516048,SRR8615416.29516047,SRR8615416.29520023,SRR8615416.29520038,SRR8615416.29520270,SRR8615416.29520062,SRR8615416.29520475,SRR8615416.29520496,SRR8615416.54235668
RBM14	RBM4	+/+	+/+	chr11:66617057	chr11:66643450	CDS/splice-site	CDS/splice-site	deletion/read-through	0	4	3	202	316	low	in-frame	.	RNA_recognition_motif._(a.k.a._RRM__RBD__or_RNP_domain)(100%)|RNA_recognition_motif._(a.k.a._RRM__RBD__or_RNP_domain)(100%),Zinc_knuckle(100%)	.	.	ENSG00000239306.5	ENSG00000173933.21	ENST00000310137.5	ENST00000408993.6	downstream	upstream	mismatches(1)	ACAGTTCGCCTTCGTGCACATGCGCGAGAACGCGGGCGCGCTGCGCGCCATCGAAGCCCTGCACGGCCACGAGCTGCGGCCGGGGCGCGCGCTCGgGGgGG...ATTTTCGTGGGCAATGTGTCGGCTGCATGCACGAGCCAGGAACTGCGCAGCCTCTTCGAGCGCCGCGGACGCGTCATCGAGTGTGACGTGGTGAAAG|GCAAACGAATGCACGTGCAGTTGTCCACCAGCCGGCTTAGGACTGCGCCCGGGATGGGAGACCAGAGCGGCTGCTATCGGTGCGGGAAAGAGGGGCACTGGTCCAAAGAGTGTCCGATAGATCGTTCAGGCCGCGTGGCAGACTTGACCGAGCAATATAATGAGCAATACGGAGCAGTGCGTACGCCTTACACCATGAGCTATG	IFVGNVSAACTSQELRSLFERRGRVIECDVVK|gKRMHVQLSTSRLRTAPGMGDQSGCYRCGKEGHWSKECPIDRSGRVADLTEQYNEQYGAVRTPYTMSY	SRR8615416.29516061,SRR8615416.29518974,SRR8615416.29519024,SRR8615416.29519102,SRR8615416.29520062,SRR8615416.29520475,SRR8615416.29520496,SRR8615416.54235668
RBM14	RBM4	+/+	+/+	chr11:66617057	chr11:66639700	CDS/splice-site	5'UTR/splice-site	deletion/read-through	0	0	0	202	561	low	out-of-frame	.	RNA_recognition_motif._(a.k.a._RRM__RBD__or_RNP_domain)(100%)|RNA_recognition_motif._(a.k.a._RRM__RBD__or_RNP_domain)(100%),Zinc_knuckle(100%)	.	.	ENSG00000239306.5	ENSG00000173933.21	ENST00000310137.5	ENST00000396053.9	downstream	upstream	duplicates(3),read_through(36)	ACGAGCTGCGGCCGGGGCGCGCGCTCGTGGTGGAGATGTCGCGCCCAAGGCCTCTTAATACTTGGAAGATTTTCGTGGGCAATGTGTCGGCTGCATGCACGAGCCAGGAACTGCGCAGCCTCTTCGAGCGCCGCGGACGCGTCATCGAGTGTGACGTGGTGAAAG|GCTCTTGTCAGGATGGTGAAGCTGTTCATCGGAAACCTGCCCCGGGAGGCTACAGAGCAGGAGATTCGCTCACTCTTCGAGCAGTATGGGAAGGTGCTGGAATGTGACATCATTAAGAATTACGGCTTTGTGCACATAGAAGACAAGACGGCAGCTGAGGATGCCATACGCAACCTGCACCATTACAAGCTTCATGGGGTGAACATCAACGTGGAAGCCAGCAAGAATAAGAGCAAAACCTCAACAAAGTTGCATGTGGGCAACATCAGTCCCACCTGCACCAATAAGGAGCTTCGAGCCAAGTTTGAGGAGTATGGTCCGGTC	ELRPGRALVVEMSRPRPLNTWKIFVGNVSAACTSQELRSLFERRGRVIECDVVK|gscqdgeavhrkpapggyragdsltlravwegagm*	SRR8615416.29516025,SRR8615416.29516035,SRR8615416.29516039,SRR8615416.29516040,SRR8615416.29516049,SRR8615416.29516050,SRR8615416.29516060,SRR8615416.29516028,SRR8615416.29516069,SRR8615416.29516071,SRR8615416.29516072,SRR8615416.29517525,SRR8615416.29517539,SRR8615416.29517541,SRR8615416.29517583,SRR8615416.29517596,SRR8615416.29517597,SRR8615416.29517636,SRR8615416.29517651,SRR8615416.29517661,SRR8615416.29517668,SRR8615416.29517691,SRR8615416.29517726,SRR8615416.29517736,SRR8615416.29517748,SRR8615416.29517770,SRR8615416.29517773,SRR8615416.29517830,SRR8615416.29517839,SRR8615416.29517878,SRR8615416.29517885,SRR8615416.29517914,SRR8615416.29518117,SRR8615416.29518171,SRR8615416.29518177,SRR8615416.29518197,SRR8615416.29518220,SRR8615416.29518441,SRR8615416.29521578
RBM14	RBM4	+/+	+/+	chr11:66617550	chr11:66639700	exon/splice-site	5'UTR/splice-site	deletion/read-through	0	0	0	5	561	low	.	.	RNA_recognition_motif._(a.k.a._RRM__RBD__or_RNP_domain)(100%)|RNA_recognition_motif._(a.k.a._RRM__RBD__or_RNP_domain)(100%),Zinc_knuckle(100%)	.	.	ENSG00000239306.5	ENSG00000173933.21	ENST00000461478.1	ENST00000396053.9	downstream	upstream	read_through(2)	AAAGGTGGGGGCTGACGCCCCAAGGCCGCCCTCCTGTTCCCTCCCGATGAATGTGCTCAAGCGGAAG|GCTCTTGTCAGGATGGTGAAGCTGTTCATCGGAAACCTGCCCCGGGAGGCTACAGAGCAGGAGATTCGCTCACTCTTCGAGCAGTATGGGAAGGTGCTGGAATGTGACATCATTAAGAATTACGGCTTTGTGCACATAGAAGACAAGACGGCAGCTGAGGATGCCATACGCAACCTGCACCATTACAAG	.	SRR8615416.29517643,SRR8615416.29517762
RBM14	RBM4	+/+	+/+	chr11:66625678	chr11:66639700	CDS/splice-site	5'UTR/splice-site	deletion/read-through	0	0	0	80	561	low	out-of-frame	.	RNA_recognition_motif._(a.k.a._RRM__RBD__or_RNP_domain)(100%)|RNA_recognition_motif._(a.k.a._RRM__RBD__or_RNP_domain)(100%),Zinc_knuckle(100%)	.	.	ENSG00000239306.5	ENSG00000173933.21	ENST00000310137.5	ENST00000396053.9	downstream	upstream	read_through(1)	CCCGCCTCTCCCCACCCCGGGCCAGCTACGACGATCCCTACAAAAAGGCTGTCGCCATGTCGAAAAG|c|CTCTTGTCAGGATGGTGAAGCTGTTCATCGGAAACCTGCCCCGGGAGGCTAC	RLSPPRASYDDPYKKAVAMSKs|llsgw*	SRR8615416.29516848
NLRP10	OR10A6	-/-	-/-	chr11:7963207	chr11:7931013	CDS/splice-site	5'UTR/splice-site	deletion/read-through	1	1	4	43	2	low	out-of-frame	.	PAAD/DAPIN/Pyrin_domain(100%)|Olfactory_receptor(100%)	.	.	ENSG00000182261.4	ENSG00000279000.3	ENST00000328600.3	ENST00000641238.1	upstream	downstream	mismatches(1)	GGCTAAGAGAGCCCAAACTTGGACCTGTAGAGCTGTCGGACCAGGAAAGGGGATCTGTTTCGTCTCAGTCCCCAGGCTTTGCTTACTGGGCTCCTGGATCA...CCAGCCCCCACTGGCCAGAGGGGAGTTGGAGGGCCTGATTCCGGTGGACCTGGCAGAATTACTGATTTCAAAGTATGGAGAAAAGGAGGCTGTGAAAGTTGTCCTCAAGGGCTTGAAGGTCATGAACCTGTTGGAACTTGTGGACCAGCTCAGCCATATTTGTCTGCATG|AGAAAGGTTCGGGCAA...TGCACTCAAGACAGCACTGTATGCCTTCAACTTGCTGTGTCCATCTGTCTTCCTGGCTTCCTCATCTCTCACAGTGAATTTCTTTTGGTTTTCAAAACATC	QPPLARGELEGLIPVDLAELLISKYGEKEAVKVVLKGLKVMNLLELVDQLSHICLH|ekgsg	SRR8615416.27973495,SRR8615416.27974996,SRR8615416.27974917,SRR8615416.27974919,SRR8615416.27974926,SRR8615416.57113081,SRR8615416.57490049
NLRP10	OR10A6	-/-	-/-	chr11:7963207	chr11:7930889	CDS/splice-site	5'UTR/splice-site	deletion/read-through	1	0	4	43	3	low	out-of-frame	.	PAAD/DAPIN/Pyrin_domain(100%)|Olfactory_receptor(100%)	.	.	ENSG00000182261.4	ENSG00000279000.3	ENST00000328600.3	ENST00000641238.1	upstream	downstream	mismatches(1)	CCAGCCCCCACTGGCCAGAGGGGAGTTGGAGGGCCTGATTCCGGTGGACCTGGCAGAATTACTGATTTCAAAGTATGGAGAAAAGGAGGCTGTGAAAGTTGTCCTCAAGGGCTTGAAGGTCATGAACCTGTTGGAACTTGTGGACCAGCTCAGCCATATTTGTCTGCATG|GCTGAAGCCTTGGGGAGGAAGTGATCTGC___GTCTGCACTCAAGACAGCACTGTATGCCTTCAACTTGCTGTGTCCA	QPPLARGELEGLIPVDLAELLISKYGEKEAVKVVLKGLKVMNLLELVDQLSHICLH|g*	SRR8615416.27974925,SRR8615416.27974917,SRR8615416.27974919,SRR8615416.27974926,SRR8615416.57113081,SRR8615416.57490049
ARFGAP2	CENATAC	-/-	+/+	chr11:47174389	chr11:119009440	intron	intron	inversion	0	0	5	11	33	low	.	.	Putative_GTPase_activating_protein_for_Arf(100%)|Coiled_coil_protein_84(100%)	.	.	ENSG00000149182.15	ENSG00000186166.9	ENST00000526185.5	ENST00000528088.1	upstream	upstream	duplicates(5)	CTACTgGGGAGGCTGAGGCAGGAGAATGGCGTGAACCCGGGAAGCGGAGCTTGCAGTGAGCCGtGATTGCGCCACTGCAGTCCGCAGTCCGGCCTGGGCGACAGAGCGAGACTCCGTCTCAAAAAAAAAAAAAAAAAA...|...AAAACTAAGTGGCTTAATATTCTGCAATTTTAATCTGAGAGGGGTGGAACAGAAAGCCCCATACCTCATCAGAACCTGGGAGTTGATGAGAAACCATTTGATGACAACCTCCTAGGGGAGATGGGGAGGGAAGTGGGAGATGGCCTCATAGCAGCTTCTGGCAGACCTTCCACCCTCGTGTTCCAGGAGGATTAAACAAGCCTTTCAGCCACAATTCGGTAAGGTGTGGCTCAAGCCATTGTCTCCTcGGATATATTCAAGGCTCTCAGGGAACACTGTTGATAGTGG	.	SRR8615416.30399684,SRR8615416.30399685,SRR8615416.30399686,SRR8615416.30399689,SRR8615416.30399705,SRR8615416.30399706,SRR8615416.55009945,SRR8615416.55110371,SRR8615416.55902192,SRR8615416.56319279
PEDS1	UBE2V1	-/-	-/-	chr20:50127975	chr20:50096820	CDS/splice-site	CDS/splice-site	deletion/read-through	1	0	4	315	516	low	in-frame	.	Lipid_desaturase_domain(100%)|Ubiquitin-conjugating_enzyme(100%)	.	.	ENSG00000240849.11	ENSG00000244687.12	ENST00000371652.9	ENST00000340309.7	upstream	downstream	.	CGGCACCTTCACCAACCAGATCCACAAGTGGTCGCACACGTACTTTGGGCTGCCACGCTGGGTCACCCTCCTGCAGGACTGGCATGTCATCCTGCCACGTAAACACCATCGCATCCACCACGTCTCACCCCACGAGACCTACTTCTGCATCACCACAG|GAGTAAAAGTCCCTCGCAATTTCCGACTGTTGGAAGAACTCGAAGAAGGCCAGAAAGGAGTAGGAGATGGCACAGTTAGCTGGGGTCTAGAAGATGACGAAGACATGACACTTACAAGATGGACAGGGATGATA	GTFTNQIHKWSHTYFGLPRWVTLLQDWHVILPRKHHRIHHVSPHETYFCITT|gVKVPRNFRLLEELEEGQKGVGDGTVSWGLEDDEDMTLTRWTGM	SRR8615416.46820599,SRR8615416.46817288,SRR8615416.46820568,SRR8615416.46820577,SRR8615416.46820900
GBX2	IQCA1	-/-	-/-	chr2:236167655	chr2:236334073	CDS	intron	deletion/read-through	0	0	4	65	1	low	.	.	Homeodomain(100%)|ATPase_family_associated_with_various_cellular_activities_(AAA)(100%)	.	.	ENSG00000168505.7	ENSG00000132321.17	ENST00000306318.5	.	downstream	upstream	.	CCACGCTCCCCGGCGGCTTCTCCGCGTCGCCCCAGCACCAGGAGGCGGCAGCGGCCCGCAAGTTCGCGCCGCAGCCGCTGCCCGGCGGCGGTAACTTCGACAAGGCGGAGGCGCTGCAGGCTGACGCGGAGGACGGCAAAGGCTTCCTGGCCAAAGAGGGCTCGCTGCTCGCCTTCTCCGCGG|...CAGCAAGAGAGCTCTGTGAGACAGTCCCAGCTGTGGTGGGACCTGCCCACCTGCCTGCTCATCTGAAGATCCAGAGAAGGGGATGCAAAACCAGGCTTGGC	.	SRR8615416.9564128,SRR8615416.9564174,SRR8615416.9564175,SRR8615416.9564176
CCDC169	SOHLH2	-/-	-/-	chr13:36248606	chr13:36202093	CDS/splice-site	CDS/splice-site	deletion/read-through	1	1	1	8	3	low	out-of-frame	.	Domain_of_unknown_function_(DUF4600)(100%)|Helix-loop-helix_DNA-binding_domain(100%)	.	.	ENSG00000242715.8	ENSG00000120669.16	ENST00000379864.6	ENST00000379881.8	upstream	downstream	multimappers(1)	TCAG___...TCAG___GGTTCTGGTTTACATCAAGTTTCTAAAAGGCAACAGGTGGATCAACTGCCTAGGATGCAAGAGAATCTAGTGAAAAC|GCAAAAATAGACATCTTATTAGTTGGAGATGTCACTGTGGGCTACCTGGCTGATACTGTACAGAAACTATTTGCAAACATAGCAGAAGTCACCATCACCATCAGTGACACGAAGGAGGCAGCAGCGCTTTTGGATGATTGCATATTCAACATGGTTCTCTTGAAGGTGCCTTCTTCACTAAGTGCCGAGGAGCTGGAAGCC	QGSGLHQVSKRQQVDQLPRMQENLVKt|qk*	SRR8615416.33771331,SRR8615416.33771332,SRR8615416.33771332,SRR8615416.33771352
ELAC1	SMAD4	+/+	+/+	chr18:50988812	chr18:51029918	intergenic	intron	deletion/read-through	1	0	2	8	11	low	.	.	Beta-lactamase_superfamily_domain(100%),Metallo-beta-lactamase_superfamily(100%)|MH1_domain(100%),MH2_domain(100%)	.	.	ENSG00000141642.9	ENSG00000141646.14	ENST00000269466.8	.	downstream	upstream	.	CTTCCATTATGTGGTTCATGAACTGGTTCCTACAGCAGATCAATGTCCTGCAGAAGAA...CTCATGCCTGTAATCCCAGCATTTGGAGGCCAAGGCAGGCGGATTGCTTGAGCCCAGGAGTTCCAGACCAGC|TGGACGCCCACTCTACGCCGAGCTCTCCC	.	SRR8615416.43416787,SRR8615416.43417205,SRR8615416.43417415
ELAC1	SMAD4	+/+	+/+	chr18:50974561	chr18:51046920	CDS/splice-site	5'UTR/splice-site	deletion/read-through	1	1	0	50	101	low	out-of-frame	.	Metallo-beta-lactamase_superfamily(100%)|MH1_domain(100%),MH2_domain(100%)	.	.	ENSG00000141642.9	ENSG00000141646.14	ENST00000269466.8	ENST00000398417.6	downstream	upstream	mismatches(1)	CTGGGCCAGGGTGCGGGCCTGCGCCTCCCTCGGCTCCTGGCGCGGGCCTCGGGGAGAGG___GGTGGAAGATGTCTATGGATGTGACATTCCTGGGGACGGGTGCAGCATACCCATCTCCAACCCGGGGTGCCTCTGCTGTGGTCCTTCGGTGTGAAGGCGAGTGCTGGCTCTTTGACTGTGGGGAGGGAACACAGACACAGCTTATGAAAAGCCAACTTAAAGCAG|GTTATCCTGAATACATGTCTAACAATTTTCCTTGCAACGTTAGCTGTTGTTTTTCACTGTTTCCAAA...ATGCCTGTCTGAGCATTGTGCATAGTTTGATGTGCCATAGACAAGGTGGAGAGAGTGAAACATTTGCAAAAAGAGCAATTGAAAGTTTGGTAAAGAAGCTG	MSMDVTFLGTGAAYPSPTRGASAVVLRCEGECWLFDCGEGTQTQLMKSQLKA|gypeymsnnfpcnvsccfslfp	SRR8615416.43416717,SRR8615416.43416720,SRR8615416.43417379
ERICD(8285),PTK2(11332)	AGO2	./-	-/-	chr8:140646568	chr8:140605914	intergenic	intron	deletion/read-through	1	0	2	8	4	low	.	.	|Argonaute_linker_1_domain(100%),Argonaute_linker_2_domain_(100%),Mid_domain_of_argonaute(100%),N-terminal_domain_of_argonaute(100%),PAZ_domain(100%),Piwi_domain(100%)	.	.	.	ENSG00000123908.12	.	ENST00000524328.1	upstream	downstream	mismatches(1)	GGAAGATGCAGGGAGGAAGGTTTCTCTAGGCCACCTGGCTGAGACCAACCTGGCAACCAGACGGGGCAACTGCATGTAAGCCTCTGAGGGCAGGACTGCTGACATCCTGTCGACCGTTGACAGTCACACGGTTGAGCTCAGCGCCACTGGG|GTACTAACTGACTTGTCCATTTGCTAAGCTTCATCCCACCGGGCAATTTTCCTGCACAGCAGCTGTTACAGTCCCATTCTCACCTGGCCCCTGGGCCAGTTCGGAAGCCTCTGAGCAG___CACTTGCACCTCCTGCGCCGCCG	.	SRR8615416.23761734,SRR8615416.23761637,SRR8615416.23761887,SRR8615416.23761888
HIBADH	TAX1BP1	-/-	+/+	chr7:27649473	chr7:27785163	CDS/splice-site	CDS/splice-site	inversion	1	1	1	199	1058	low	in-frame	.	NAD_binding_domain_of_6-phosphogluconate_dehydrogenase(100%)|Autophagy_receptor_zinc_finger-C2H2_domain(100%),Calcium_binding_and_coiled-coil_domain_(CALCOCO1)_like(100%)	.	.	ENSG00000106049.9	ENSG00000106052.13	ENST00000265395.7	ENST00000543117.5	upstream	upstream	duplicates(1)	GGCGGGCGCAGCATGGCAGCCTCCTTACGtCTCCTCGGAGCTGCCTCCGGTCTCCGGTACTGGAGCCGGCGGCTGCGGCCGGCAGCCGGCAGCTTTGCAGC...GGGGAATCCAATGGCAAAAAATCTCATGAAACATGGCTATCCACTTATTATTTATGATGTGTTCCCTGATGCCTGCAAAGAGTTTCAAGATGCAGGTGAACAG|GGTCTTACTGAAGTAACACAAAGCTTAAAAATGGAAAATGAAGAGTTTAAGAAGAGGTTCAGTGATGCTACAT...GCAATTGAAAAAGAAACCGAATTAGACAG___TTTAAAGGACAAACTCAAGAAGGCACAACATGAAAGAGAACAACTTGAATGTCAGTTGAAGACAGAGAAGGA	GNPMAKNLMKHGYPLIIYDVFPDACKEFQDAGEQ|GLTEVTQSLKMENEEFKKRFSDAT	SRR8615416.19600149,SRR8615416.19604524,SRR8615416.19612084,SRR8615416.57858888
TLR4	AL160272.1	+/+	+/+	chr9:117714758	chr9:117783090	3'UTR	intron	deletion/read-through	0	0	2	148	0	low	stop-codon	.	Leucine_rich_repeat(100%),TIR_domain(100%)|	.	.	ENSG00000136869.16	ENSG00000284977.2	ENST00000355622.8	.	downstream	upstream	mismappers(1)	ATGGAATCCAGAAGGAACAGTGGGTACAGGATGCAATTGGCAGGAAGCAACATCTATCTGAAGAGGAAAAATAAAAACCTCCTGAGGCATTTCTTGCCCAGCTGGGTCCAACACTTGTTCAGTTAATAAGTATTAAATGCTGCCACATGTCAGGCCTTATGCTAAGGG|gag|ACACAGATGAC	.	SRR8615416.24836556,SRR8615416.24838917,SRR8615416.24838918
CALHM5	NOS1	+/+	-/+	chr6:116522993	chr12:117299358	3'UTR	intron	translocation/5'-5'	2	0	0	28	0	low	.	.	Calcium_homeostasis_modulator(100%)|	.	.	ENSG00000178033.6	ENSG00000089250.19	ENST00000368599.4	.	downstream	upstream	.	AACATATTATTGGGAGGAGTAACACATTAAACTATTATTTGTCATTAATATCTACGAAAAAATAGCAAGTGAGGGTTTCAGACTAGGCTGGCCTTCAGTAA...CAACATCAGTATCACGATGAAGCTTGTTAGAAATGCAGAATCAGACAGTATCTAAAACCTGTTGAGTCAAGCCTGCAGTTTAACGTGATCCTAGCTGATTC...AAGGCAGTGGTTCTCAAACTTTAGTCCATATAAAAATCATCTGGAGGGCTTATTAAAATGTGGATTGCTG|GCCGGGCGCGGTGGCTCACGCCTGTAATCCCAGCACTTTGGGAGGCCGAGG	.	SRR8615416.18372308,SRR8615416.18372316
FAF2	ARHGEF10	+/+	+/+	chr5:176448470	chr8:1876571	CDS/splice-site	CDS/splice-site	translocation	0	2	0	229	124	low	out-of-frame	.	UBA-like_domain(100%)|PH_domain(100%),RhoGEF_domain(100%),WD40_repeated_domain(100%)	.	.	ENSG00000113194.13	ENSG00000104728.16	ENST00000261942.7	ENST00000349830.8	downstream	upstream	.	CGGCGCCTGAGGAGCGGGATCTAACCCAGGAGCAGACAGAGAAGCTGCTGCAGTTTCAG|ATGAAATGATTTATGATGATGTTGAGAATGGGGATGAAGGTGGAAACAGCTCCTTGGAATACGGATGGAGTTCGAG...GATTTGATGGCAAGCACGGTGGGCGTGGTGGAGATTCAGCAGCTCAGGCAGAAGCATGAACTGAAG___ATGCAGAAGCTCGTGAAGGCCGCGAAGGACGGCAC	APEERDLTQEQTEKLLQFQ|mk*	SRR8615416.22450893,SRR8615416.53432650
TPM2	TPM3	-/-	-/-	chr9:35689147	chr1:154176249	CDS/splice-site	intron	translocation	0	1	0	14560	1979	low	in-frame	.	Tropomyosin(98%)|Tropomyosin(100%)	.	.	ENSG00000198467.16	ENSG00000143549.21	ENST00000378292.9	ENST00000271850.11	upstream	downstream	.	TGGAGCAGGCCGAGAAGAAGGCCACTGA|GGCTGAGGCTGAGGTGGCCTCCTTGAACCGTAGGATCCAGCTGGTTGAAGAAGAGCTGGACCGTGCTCAGGAG...CCACTGCCCTGCAAAAGCTGGAAGAAGCTGAAAAAGCTGCTGATGAGAGTGAGAG___AGGTATGAAGGTTATTGAAAACCGGGCCTTAAAAGATGAAGAAAAG	EQAEKKATe|AEAEVASLNRRIQLVEEELDRAQ	SRR8615416.2839593
